timestamp;secondary_benchmark
01.05.2025 00:00;1,3226481069628213
01.05.2025 00:15;0,2822540779333662
01.05.2025 00:30;0,4314376186308443
01.05.2025 00:45;0,9823524678910325
01.05.2025 01:00;0,9618498024870429
01.05.2025 01:15;0,0
01.05.2025 01:30;1,0514352588734974
01.05.2025 01:45;0,0
01.05.2025 02:00;0,267906210914754
01.05.2025 02:15;0,22002470106611488
01.05.2025 02:30;0,0
01.05.2025 02:45;0,0
01.05.2025 03:00;2,457519764459647
01.05.2025 03:15;0,0
01.05.2025 03:30;0,40695519332109087
01.05.2025 03:45;0,637779094113268
01.05.2025 04:00;0,0
01.05.2025 04:15;0,7386389288994711
01.05.2025 04:30;0,3618815926799506
01.05.2025 04:45;0,0
01.05.2025 05:00;0,590499023552441
01.05.2025 05:15;0,09697706649871018
01.05.2025 05:30;3,2068149666049632
01.05.2025 05:45;4,310365353552579
01.05.2025 06:00;5,2415434872661395
01.05.2025 06:15;9,03872186935775
01.05.2025 06:30;10,008382931530875
01.05.2025 06:45;10,98659735496371
01.05.2025 07:00;10,265140028021387
01.05.2025 07:15;8,638753214330986
01.05.2025 07:30;9,005910541906058
01.05.2025 07:45;9,871989740998302
01.05.2025 08:00;5,694755260021541
01.05.2025 08:15;3,872331835213795
01.05.2025 08:30;3,6049896634780136
01.05.2025 08:45;5,422434606293274
01.05.2025 09:00;3,204824950659649
01.05.2025 09:15;1,9518053389210919
01.05.2025 09:30;2,039594318765569
01.05.2025 09:45;1,3394841660800612
01.05.2025 10:00;1,713643463453538
01.05.2025 10:15;1,5471748591442993
01.05.2025 10:30;3,419025444889642
01.05.2025 10:45;2,4312165640578822
01.05.2025 11:00;3,4890918345049777
01.05.2025 11:15;4,480049950123773
01.05.2025 11:30;7,472743297896679
01.05.2025 11:45;8,097134498257503
01.05.2025 12:00;10,260678678989215
01.05.2025 12:15;10,170056231497831
01.05.2025 12:30;10,21107896777775
01.05.2025 12:45;8,285135415600118
01.05.2025 13:00;5,919830230202036
01.05.2025 13:15;4,76870584785868
01.05.2025 13:30;2,2105874891337374
01.05.2025 13:45;2,253648088618491
01.05.2025 14:00;1,7388750833328745
01.05.2025 14:15;0,0
01.05.2025 14:30;1,6941302862489322
01.05.2025 14:45;2,950967147940017
01.05.2025 15:00;3,2952887401960136
01.05.2025 15:15;6,068851255743608
01.05.2025 15:30;9,56782698979868
01.05.2025 15:45;16,574061211931063
01.05.2025 16:00;20,72670050212152
01.05.2025 16:15;25,889479672391726
01.05.2025 16:30;30,513040955878314
01.05.2025 16:45;36,85194957107933
01.05.2025 17:00;38,16086347837144
01.05.2025 17:15;39,02783857377624
01.05.2025 17:30;42,24093986604691
01.05.2025 17:45;39,119526650764854
01.05.2025 18:00;38,85987661767343
01.05.2025 18:15;34,406628186335666
01.05.2025 18:30;29,78695911558991
01.05.2025 18:45;25,67907674685666
01.05.2025 19:00;25,83556442840573
01.05.2025 19:15;19,321184845455242
01.05.2025 19:30;17,935593308772198
01.05.2025 19:45;14,664711238738493
01.05.2025 20:00;12,344856486821623
01.05.2025 20:15;7,920226310751307
01.05.2025 20:30;4,256700678062604
01.05.2025 20:45;5,985808923750142
01.05.2025 21:00;1,50653100642039
01.05.2025 21:15;0,0
01.05.2025 21:30;0,5991271717568389
01.05.2025 21:45;0,12183171856936705
01.05.2025 22:00;0,0
01.05.2025 22:15;0,0
01.05.2025 22:30;0,0
01.05.2025 22:45;1,4803975675889023
01.05.2025 23:00;0,5165010515351979
01.05.2025 23:15;0,0
01.05.2025 23:30;0,9376772632933643
01.05.2025 23:45;0,030285080241066062
02.05.2025 00:00;0,4417075034188852
02.05.2025 00:15;0,1662405051853372
02.05.2025 00:30;0,6487584598152304
02.05.2025 00:45;0,0
02.05.2025 01:00;0,0
02.05.2025 01:15;0,9975329654562775
02.05.2025 01:30;1,6554211495942606
02.05.2025 01:45;0,0
02.05.2025 02:00;0,19722084156122635
02.05.2025 02:15;0,0
02.05.2025 02:30;0,9717165612008389
02.05.2025 02:45;0,2713103083112217
02.05.2025 03:00;3,6602195150729404
02.05.2025 03:15;0,0
02.05.2025 03:30;1,6910215706726432
02.05.2025 03:45;1,7980937098862482
02.05.2025 04:00;0,58695720495507
02.05.2025 04:15;0,04079165131601383
02.05.2025 04:30;0,10432146723903157
02.05.2025 04:45;0,01122533731622468
02.05.2025 05:00;1,2466296836544553
02.05.2025 05:15;0,0
02.05.2025 05:30;1,1322714747684515
02.05.2025 05:45;3,028172233105832
02.05.2025 06:00;3,6145765121351396
02.05.2025 06:15;6,719483088000635
02.05.2025 06:30;8,487177040910169
02.05.2025 06:45;6,79768269168718
02.05.2025 07:00;10,66755088709182
02.05.2025 07:15;7,019206192901931
02.05.2025 07:30;8,057650251386152
02.05.2025 07:45;5,937684437984464
02.05.2025 08:00;5,098450907536418
02.05.2025 08:15;2,988212977745578
02.05.2025 08:30;2,6668811257103866
02.05.2025 08:45;4,633844216637663
02.05.2025 09:00;2,2659852709174166
02.05.2025 09:15;3,556764049932646
02.05.2025 09:30;3,0333387217134673
02.05.2025 09:45;6,670862834867252
02.05.2025 10:00;0,654229815118196
02.05.2025 10:15;2,219966211478746
02.05.2025 10:30;3,1300124840423655
02.05.2025 10:45;3,3335428105478173
02.05.2025 11:00;3,839236959289842
02.05.2025 11:15;4,325329984657308
02.05.2025 11:30;5,343295098033874
02.05.2025 11:45;8,096040061071918
02.05.2025 12:00;6,0548360978406395
02.05.2025 12:15;7,32208024010397
02.05.2025 12:30;7,369745690572618
02.05.2025 12:45;7,142573354916972
02.05.2025 13:00;4,873476806128201
02.05.2025 13:15;3,141784798041602
02.05.2025 13:30;1,341874766477137
02.05.2025 13:45;2,9226028840269684
02.05.2025 14:00;2,025573509767806
02.05.2025 14:15;0,1940682841705944
02.05.2025 14:30;0,5319946004447529
02.05.2025 14:45;3,687547785035694
02.05.2025 15:00;2,5139326413863183
02.05.2025 15:15;5,345857816260175
02.05.2025 15:30;10,557823430527547
02.05.2025 15:45;13,629007827057018
02.05.2025 16:00;18,46487487976649
02.05.2025 16:15;22,538071645855712
02.05.2025 16:30;29,087905209716357
02.05.2025 16:45;28,438402848664555
02.05.2025 17:00;31,04723291871402
02.05.2025 17:15;34,871012994695235
02.05.2025 17:30;33,73556257819363
02.05.2025 17:45;33,96507677612099
02.05.2025 18:00;28,615245221144644
02.05.2025 18:15;29,686323093887566
02.05.2025 18:30;27,7863418827912
02.05.2025 18:45;23,926102473539228
02.05.2025 19:00;20,096326335509374
02.05.2025 19:15;17,20611467804257
02.05.2025 19:30;15,573542024752497
02.05.2025 19:45;10,91913372432607
02.05.2025 20:00;11,316033096757689
02.05.2025 20:15;7,568962751214987
02.05.2025 20:30;4,723811400523999
02.05.2025 20:45;3,316739029546104
02.05.2025 21:00;0,0
02.05.2025 21:15;0,0
02.05.2025 21:30;0,5442569772254795
02.05.2025 21:45;0,0
02.05.2025 22:00;0,43963893793166897
02.05.2025 22:15;0,5913002892086114
02.05.2025 22:30;1,0625969550710987
02.05.2025 22:45;0,27703235669437726
02.05.2025 23:00;1,2377578082798595
02.05.2025 23:15;1,5247214782137395
02.05.2025 23:30;0,2840366875389852
02.05.2025 23:45;0,35037923238115576
03.05.2025 00:00;0,0
03.05.2025 00:15;0,0
03.05.2025 00:30;1,4102819602422172
03.05.2025 00:45;0,6663180836836596
03.05.2025 01:00;0,7555119618739311
03.05.2025 01:15;0,0
03.05.2025 01:30;1,7863136539734665
03.05.2025 01:45;0,0
03.05.2025 02:00;0,0
03.05.2025 02:15;0,0
03.05.2025 02:30;1,7283107783911638
03.05.2025 02:45;0,0
03.05.2025 03:00;0,0
03.05.2025 03:15;3,18836025045766
03.05.2025 03:30;1,0351415099573613
03.05.2025 03:45;0,0
03.05.2025 04:00;0,0
03.05.2025 04:15;0,0
03.05.2025 04:30;0,1068255608436983
03.05.2025 04:45;0,8008223899010278
03.05.2025 05:00;1,6706780308910627
03.05.2025 05:15;0,0
03.05.2025 05:30;0,6305642367901627
03.05.2025 05:45;2,9413151115800953
03.05.2025 06:00;8,531088894102504
03.05.2025 06:15;9,822400889507245
03.05.2025 06:30;10,510403141365062
03.05.2025 06:45;9,332168329800139
03.05.2025 07:00;8,964550505642741
03.05.2025 07:15;11,87082505984265
03.05.2025 07:30;9,49272717289352
03.05.2025 07:45;7,550681997790452
03.05.2025 08:00;6,097365452744383
03.05.2025 08:15;5,083392255644612
03.05.2025 08:30;4,023813974342022
03.05.2025 08:45;4,415609455781159
03.05.2025 09:00;3,304950236858039
03.05.2025 09:15;3,244432120271452
03.05.2025 09:30;3,230989336613729
03.05.2025 09:45;4,610749008584207
03.05.2025 10:00;0,32721959680320556
03.05.2025 10:15;3,416204092647425
03.05.2025 10:30;2,5877930703174608
03.05.2025 10:45;1,793566573408415
03.05.2025 11:00;6,554422735509682
03.05.2025 11:15;4,030907213407373
03.05.2025 11:30;7,634889275653341
03.05.2025 11:45;8,53037619930387
03.05.2025 12:00;10,142713470524578
03.05.2025 12:15;10,600662010681077
03.05.2025 12:30;12,072429796562885
03.05.2025 12:45;8,136096130579517
03.05.2025 13:00;6,258151400323764
03.05.2025 13:15;2,9162695779001226
03.05.2025 13:30;2,5531599897537935
03.05.2025 13:45;2,6377402044277964
03.05.2025 14:00;1,2831943289083325
03.05.2025 14:15;0,0
03.05.2025 14:30;1,4669740042259205
03.05.2025 14:45;1,197339103004067
03.05.2025 15:00;5,946685538316702
03.05.2025 15:15;6,379011502209737
03.05.2025 15:30;11,479926345454412
03.05.2025 15:45;15,385862331960645
03.05.2025 16:00;22,196188213548243
03.05.2025 16:15;27,70024284678598
03.05.2025 16:30;32,56804374341416
03.05.2025 16:45;39,25484446087366
03.05.2025 17:00;39,110236851510905
03.05.2025 17:15;43,420374374342714
03.05.2025 17:30;44,096008971934545
03.05.2025 17:45;40,678777794067265
03.05.2025 18:00;38,08471543544116
03.05.2025 18:15;37,863170600192284
03.05.2025 18:30;32,47964311046871
03.05.2025 18:45;30,174904289305363
03.05.2025 19:00;27,884311307001376
03.05.2025 19:15;20,42331438514212
03.05.2025 19:30;18,54617669136655
03.05.2025 19:45;11,630649886807488
03.05.2025 20:00;9,733401543168494
03.05.2025 20:15;10,33683896074787
03.05.2025 20:30;6,598197433103568
03.05.2025 20:45;3,5568232569080265
03.05.2025 21:00;1,2707194729172497
03.05.2025 21:15;0,3523894538854992
03.05.2025 21:30;0,0
03.05.2025 21:45;0,0
03.05.2025 22:00;0,0
03.05.2025 22:15;0,8126716237858408
03.05.2025 22:30;0,0
03.05.2025 22:45;1,06650424532841
03.05.2025 23:00;0,0
03.05.2025 23:15;0,390466947753713
03.05.2025 23:30;0,0
03.05.2025 23:45;0,04889140174500614
04.05.2025 00:00;0,10234049167206942
04.05.2025 00:15;0,0
04.05.2025 00:30;0,0
04.05.2025 00:45;0,8427449201310738
04.05.2025 01:00;1,7529014714112614
04.05.2025 01:15;1,825136950971426
04.05.2025 01:30;0,0
04.05.2025 01:45;0,0
04.05.2025 02:00;0,0
04.05.2025 02:15;0,0
04.05.2025 02:30;0,0
04.05.2025 02:45;0,0
04.05.2025 03:00;0,0
04.05.2025 03:15;0,054936537158137407
04.05.2025 03:30;0,0
04.05.2025 03:45;0,0
04.05.2025 04:00;0,0
04.05.2025 04:15;0,858169979274126
04.05.2025 04:30;1,1523983648156608
04.05.2025 04:45;1,1783703362727274
04.05.2025 05:00;0,0
04.05.2025 05:15;0,0
04.05.2025 05:30;0,2807529873920853
04.05.2025 05:45;3,6994361860763667
04.05.2025 06:00;3,9364903635943564
04.05.2025 06:15;10,123219039717542
04.05.2025 06:30;10,768577979924283
04.05.2025 06:45;11,088012307748631
04.05.2025 07:00;10,660725321234295
04.05.2025 07:15;10,417792502402719
04.05.2025 07:30;8,97998319513105
04.05.2025 07:45;9,586087745110591
04.05.2025 08:00;5,047990209825191
04.05.2025 08:15;6,529269165778946
04.05.2025 08:30;4,470162193093772
04.05.2025 08:45;4,745999490014317
04.05.2025 09:00;3,08159030150829
04.05.2025 09:15;2,926729277943279
04.05.2025 09:30;3,270906274002886
04.05.2025 09:45;3,1154172430504503
04.05.2025 10:00;3,468058056517737
04.05.2025 10:15;6,171102007148913
04.05.2025 10:30;5,661504395286412
04.05.2025 10:45;0,9595313124125804
04.05.2025 11:00;2,6636785592573338
04.05.2025 11:15;5,275343289422105
04.05.2025 11:30;7,622414761359245
04.05.2025 11:45;8,470870402257033
04.05.2025 12:00;10,288455459311221
04.05.2025 12:15;7,62691474656353
04.05.2025 12:30;8,431590699767725
04.05.2025 12:45;11,872201950756963
04.05.2025 13:00;7,507144708444151
04.05.2025 13:15;2,945794655514355
04.05.2025 13:30;2,939733329551037
04.05.2025 13:45;1,3157187307539495
04.05.2025 14:00;0,46588433701171456
04.05.2025 14:15;0,0
04.05.2025 14:30;0,7946338139262489
04.05.2025 14:45;2,3010427142124867
04.05.2025 15:00;4,88856687450206
04.05.2025 15:15;6,5110111936312
04.05.2025 15:30;10,607354229691216
04.05.2025 15:45;15,971412296367019
04.05.2025 16:00;23,446733934657075
04.05.2025 16:15;27,731523566941323
04.05.2025 16:30;34,794028165653145
04.05.2025 16:45;39,75723007782829
04.05.2025 17:00;40,53698625496038
04.05.2025 17:15;43,290082012494324
04.05.2025 17:30;42,803020410351685
04.05.2025 17:45;43,43264143037676
04.05.2025 18:00;41,803719526087185
04.05.2025 18:15;37,219931772718255
04.05.2025 18:30;32,046597354714905
04.05.2025 18:45;30,60192397732959
04.05.2025 19:00;25,175450200931916
04.05.2025 19:15;24,15240089798966
04.05.2025 19:30;22,393480196515537
04.05.2025 19:45;15,104323550052662
04.05.2025 20:00;12,927751108403733
04.05.2025 20:15;8,126659503385437
04.05.2025 20:30;7,442232195538294
04.05.2025 20:45;4,34358370516221
04.05.2025 21:00;3,1216458191432617
04.05.2025 21:15;1,3580300745904692
04.05.2025 21:30;0,6712232681617997
04.05.2025 21:45;0,0
04.05.2025 22:00;0,0
04.05.2025 22:15;1,043787035217524
04.05.2025 22:30;0,0
04.05.2025 22:45;0,0
04.05.2025 23:00;0,8887885378588224
04.05.2025 23:15;0,0
04.05.2025 23:30;1,1689006929895662
04.05.2025 23:45;0,0
05.05.2025 00:00;0,0
05.05.2025 00:15;1,4995099802357041
05.05.2025 00:30;0,0
05.05.2025 00:45;1,5776432975941983
05.05.2025 01:00;0,0
05.05.2025 01:15;0,17860684634761098
05.05.2025 01:30;0,18900221496813863
05.05.2025 01:45;0,0
05.05.2025 02:00;0,0
05.05.2025 02:15;0,0
05.05.2025 02:30;0,0
05.05.2025 02:45;2,158156707242833
05.05.2025 03:00;0,0
05.05.2025 03:15;1,2748419798729371
05.05.2025 03:30;1,1298902544339455
05.05.2025 03:45;0,399222712852549
05.05.2025 04:00;0,0
05.05.2025 04:15;0,21316003178841877
05.05.2025 04:30;0,6293867439795827
05.05.2025 04:45;0,11051530665620371
05.05.2025 05:00;0,0
05.05.2025 05:15;0,0
05.05.2025 05:30;4,340785017562002
05.05.2025 05:45;0,0
05.05.2025 06:00;3,8517593972759205
05.05.2025 06:15;6,358865390495975
05.05.2025 06:30;7,094816262776542
05.05.2025 06:45;7,859003108632381
05.05.2025 07:00;8,834251585348683
05.05.2025 07:15;9,84485155446663
05.05.2025 07:30;10,746917955459173
05.05.2025 07:45;6,3837529405141
05.05.2025 08:00;7,159836376827824
05.05.2025 08:15;1,8309908228497418
05.05.2025 08:30;3,888021559778177
05.05.2025 08:45;3,1993769443184052
05.05.2025 09:00;3,5788509571421745
05.05.2025 09:15;1,7853630695259282
05.05.2025 09:30;4,4974185842265095
05.05.2025 09:45;1,8936437828646433
05.05.2025 10:00;1,8895839736450863
05.05.2025 10:15;0,0
05.05.2025 10:30;2,412918007465602
05.05.2025 10:45;1,5639751401982425
05.05.2025 11:00;0,4682614394532312
05.05.2025 11:15;4,271075575954846
05.05.2025 11:30;3,252709844531518
05.05.2025 11:45;6,013223798319435
05.05.2025 12:00;5,747501086752592
05.05.2025 12:15;7,12310613161539
05.05.2025 12:30;5,691588876511969
05.05.2025 12:45;7,988614982229589
05.05.2025 13:00;5,165944973395386
05.05.2025 13:15;4,4853726481822
05.05.2025 13:30;5,384570118302699
05.05.2025 13:45;1,4835683902077124
05.05.2025 14:00;2,616676920286814
05.05.2025 14:15;0,18010524231325586
05.05.2025 14:30;2,359506164455981
05.05.2025 14:45;0,3944314709766148
05.05.2025 15:00;2,2666301863395324
05.05.2025 15:15;4,762751353495538
05.05.2025 15:30;8,184903417552746
05.05.2025 15:45;10,43865537391163
05.05.2025 16:00;15,479072610842895
05.05.2025 16:15;21,189138421962124
05.05.2025 16:30;23,35517622150309
05.05.2025 16:45;26,406308239929697
05.05.2025 17:00;29,853386082496225
05.05.2025 17:15;30,285155565972023
05.05.2025 17:30;30,41135412935868
05.05.2025 17:45;30,908250404315325
05.05.2025 18:00;29,16496223326946
05.05.2025 18:15;24,724690942881793
05.05.2025 18:30;23,754756305885273
05.05.2025 18:45;22,92757556106986
05.05.2025 19:00;17,884711537826085
05.05.2025 19:15;16,164584173181698
05.05.2025 19:30;11,228038703922039
05.05.2025 19:45;12,291039720060063
05.05.2025 20:00;10,291648100430587
05.05.2025 20:15;4,521727066441671
05.05.2025 20:30;3,9599687916974196
05.05.2025 20:45;0,0
05.05.2025 21:00;1,7505945753905616
05.05.2025 21:15;0,0
05.05.2025 21:30;0,0
05.05.2025 21:45;0,7896483704401043
05.05.2025 22:00;0,20660381403128653
05.05.2025 22:15;0,0
05.05.2025 22:30;0,3811152254532374
05.05.2025 22:45;1,1406706305475869
05.05.2025 23:00;0,0
05.05.2025 23:15;0,0
05.05.2025 23:30;1,2625060713602234
05.05.2025 23:45;0,44029112056634034
06.05.2025 00:00;0,0
06.05.2025 00:15;0,0
06.05.2025 00:30;0,0
06.05.2025 00:45;0,0
06.05.2025 01:00;0,0
06.05.2025 01:15;0,0
06.05.2025 01:30;0,0
06.05.2025 01:45;0,0
06.05.2025 02:00;0,8135890032557143
06.05.2025 02:15;0,2811293541312836
06.05.2025 02:30;0,0
06.05.2025 02:45;0,0
06.05.2025 03:00;0,0
06.05.2025 03:15;0,0
06.05.2025 03:30;0,64245520281343
06.05.2025 03:45;0,0
06.05.2025 04:00;1,6042831392561603
06.05.2025 04:15;0,6432491902404021
06.05.2025 04:30;0,0
06.05.2025 04:45;0,09388415787139746
06.05.2025 05:00;1,144810307713376
06.05.2025 05:15;1,0273072417006273
06.05.2025 05:30;0,37841529517785455
06.05.2025 05:45;3,5454372168675476
06.05.2025 06:00;5,0439581431104985
06.05.2025 06:15;6,699568407512409
06.05.2025 06:30;7,211718748532421
06.05.2025 06:45;8,005067871650741
06.05.2025 07:00;11,46956751351997
06.05.2025 07:15;9,713877053715652
06.05.2025 07:30;9,648414942436808
06.05.2025 07:45;10,289077699716444
06.05.2025 08:00;4,157043022772033
06.05.2025 08:15;2,5078643265061746
06.05.2025 08:30;4,410000506144116
06.05.2025 08:45;4,083101792536594
06.05.2025 09:00;2,9718803977410886
06.05.2025 09:15;6,422912737324371
06.05.2025 09:30;4,120262084374559
06.05.2025 09:45;2,4440180842483503
06.05.2025 10:00;0,04195779760578311
06.05.2025 10:15;0,0
06.05.2025 10:30;2,0248452591786577
06.05.2025 10:45;1,06205432819328
06.05.2025 11:00;2,938599141825655
06.05.2025 11:15;2,224156976771193
06.05.2025 11:30;4,580276001415916
06.05.2025 11:45;5,550908681602305
06.05.2025 12:00;8,321721743336356
06.05.2025 12:15;9,398218224319452
06.05.2025 12:30;9,870302190006191
06.05.2025 12:45;7,917959667129644
06.05.2025 13:00;3,8508301408353196
06.05.2025 13:15;5,3156773371764565
06.05.2025 13:30;2,7461591530242315
06.05.2025 13:45;1,3297706382351724
06.05.2025 14:00;0,8434173954674357
06.05.2025 14:15;2,2644737519273828
06.05.2025 14:30;0,482546140563442
06.05.2025 14:45;2,5355405476091954
06.05.2025 15:00;3,994200025315389
06.05.2025 15:15;6,428494660720616
06.05.2025 15:30;8,462780589917523
06.05.2025 15:45;11,479833135264624
06.05.2025 16:00;17,140529203037268
06.05.2025 16:15;23,222624525033943
06.05.2025 16:30;27,541863110029954
06.05.2025 16:45;27,992213855628872
06.05.2025 17:00;33,3973231333812
06.05.2025 17:15;33,22892262548419
06.05.2025 17:30;33,71074508233485
06.05.2025 17:45;34,0695818653146
06.05.2025 18:00;31,179218225022286
06.05.2025 18:15;26,614562351034536
06.05.2025 18:30;25,86318152378735
06.05.2025 18:45;23,32578463596309
06.05.2025 19:00;19,670894042874632
06.05.2025 19:15;20,187392233726207
06.05.2025 19:30;15,559164484077389
06.05.2025 19:45;13,944099029953897
06.05.2025 20:00;8,287769697042087
06.05.2025 20:15;7,553272571645999
06.05.2025 20:30;5,288862339251039
06.05.2025 20:45;4,205387391922168
06.05.2025 21:00;3,4169157643938437
06.05.2025 21:15;0,0
06.05.2025 21:30;0,0
06.05.2025 21:45;1,2630280082183467
06.05.2025 22:00;0,0
06.05.2025 22:15;1,1801751173437516
06.05.2025 22:30;2,4174525594957603
06.05.2025 22:45;0,08842311173933297
06.05.2025 23:00;1,2858276958942167
06.05.2025 23:15;2,661051276060396
06.05.2025 23:30;0,44229977793151615
06.05.2025 23:45;0,0
07.05.2025 00:00;0,9927118491675682
07.05.2025 00:15;1,3026384287095125
07.05.2025 00:30;0,0
07.05.2025 00:45;0,0
07.05.2025 01:00;1,8891348501259646
07.05.2025 01:15;0,0
07.05.2025 01:30;1,3131016475304838
07.05.2025 01:45;0,2891540005231223
07.05.2025 02:00;2,00966167342435
07.05.2025 02:15;0,0
07.05.2025 02:30;0,0
07.05.2025 02:45;0,9399350420130036
07.05.2025 03:00;0,0
07.05.2025 03:15;0,12829130873854802
07.05.2025 03:30;1,7032501562558637
07.05.2025 03:45;0,0
07.05.2025 04:00;0,44235320646942833
07.05.2025 04:15;1,3329199282566981
07.05.2025 04:30;0,0
07.05.2025 04:45;0,0
07.05.2025 05:00;0,0
07.05.2025 05:15;0,0
07.05.2025 05:30;2,6130527334978364
07.05.2025 05:45;2,7147461895156546
07.05.2025 06:00;5,026896382368056
07.05.2025 06:15;7,875503280725582
07.05.2025 06:30;10,19072253579797
07.05.2025 06:45;10,018115457317357
07.05.2025 07:00;13,488553743382356
07.05.2025 07:15;12,849669413883033
07.05.2025 07:30;8,692221597460398
07.05.2025 07:45;8,22698394818227
07.05.2025 08:00;6,37057879431058
07.05.2025 08:15;1,7120277464564497
07.05.2025 08:30;3,8602966676711703
07.05.2025 08:45;2,50282225165972
07.05.2025 09:00;5,455149529126207
07.05.2025 09:15;1,8483881947605978
07.05.2025 09:30;3,591698879422577
07.05.2025 09:45;0,10173144513200172
07.05.2025 10:00;2,553626883281397
07.05.2025 10:15;2,519074157894264
07.05.2025 10:30;2,2118581611599892
07.05.2025 10:45;4,562809468009965
07.05.2025 11:00;3,103894638534234
07.05.2025 11:15;4,971963102654849
07.05.2025 11:30;5,909883357179146
07.05.2025 11:45;8,6149697714682
07.05.2025 12:00;10,5917449091713
07.05.2025 12:15;9,414151203560932
07.05.2025 12:30;7,145393467911664
07.05.2025 12:45;9,705443381783127
07.05.2025 13:00;5,435060008333887
07.05.2025 13:15;2,2131341162290115
07.05.2025 13:30;0,9707754902539312
07.05.2025 13:45;2,8379337362042465
07.05.2025 14:00;0,6258860585418193
07.05.2025 14:15;3,4715676724281694
07.05.2025 14:30;1,8653928474633317
07.05.2025 14:45;1,6420417595019954
07.05.2025 15:00;4,54410979247808
07.05.2025 15:15;5,755060171709562
07.05.2025 15:30;12,897184986954779
07.05.2025 15:45;14,773682259974029
07.05.2025 16:00;22,932828103686806
07.05.2025 16:15;29,923349831626723
07.05.2025 16:30;32,98888405465363
07.05.2025 16:45;36,685437578361665
07.05.2025 17:00;37,22014530587464
07.05.2025 17:15;40,18898737905414
07.05.2025 17:30;41,16198667760091
07.05.2025 17:45;41,52398823434985
07.05.2025 18:00;38,87957691875199
07.05.2025 18:15;36,27195229306796
07.05.2025 18:30;33,57360416346954
07.05.2025 18:45;29,393816304832846
07.05.2025 19:00;21,590752832171468
07.05.2025 19:15;23,350050312674053
07.05.2025 19:30;16,997250174529203
07.05.2025 19:45;14,489964871024682
07.05.2025 20:00;13,28886953621884
07.05.2025 20:15;10,297706356422484
07.05.2025 20:30;6,161359850210767
07.05.2025 20:45;2,1842213028085498
07.05.2025 21:00;2,043891619117005
07.05.2025 21:15;1,6667278321940064
07.05.2025 21:30;0,0
07.05.2025 21:45;0,0
07.05.2025 22:00;0,4598513191795237
07.05.2025 22:15;0,0
07.05.2025 22:30;0,0
07.05.2025 22:45;0,09000366767710191
07.05.2025 23:00;0,310907013043174
07.05.2025 23:15;0,0
07.05.2025 23:30;0,15503720823929498
07.05.2025 23:45;0,4387402281500726
08.05.2025 00:00;0,0
08.05.2025 00:15;0,23632727366141124
08.05.2025 00:30;0,0
08.05.2025 00:45;0,1363066987546834
08.05.2025 01:00;0,795386903307859
08.05.2025 01:15;0,0
08.05.2025 01:30;1,0047569575769615
08.05.2025 01:45;0,8698953826643864
08.05.2025 02:00;0,9986131047854431
08.05.2025 02:15;0,4434209338364654
08.05.2025 02:30;1,2108435794833465
08.05.2025 02:45;0,42360483388326936
08.05.2025 03:00;0,0
08.05.2025 03:15;0,0
08.05.2025 03:30;0,0
08.05.2025 03:45;0,0
08.05.2025 04:00;0,3935126351704515
08.05.2025 04:15;0,0
08.05.2025 04:30;2,209579575004362
08.05.2025 04:45;0,0
08.05.2025 05:00;0,0
08.05.2025 05:15;0,0
08.05.2025 05:30;0,0
08.05.2025 05:45;3,197479066311539
08.05.2025 06:00;5,515315400409852
08.05.2025 06:15;6,918333672672307
08.05.2025 06:30;10,27522393773463
08.05.2025 06:45;10,26370941671947
08.05.2025 07:00;10,550549948141711
08.05.2025 07:15;11,282205485227818
08.05.2025 07:30;9,594467990426669
08.05.2025 07:45;7,92948806879732
08.05.2025 08:00;4,535271075450227
08.05.2025 08:15;3,47286334398025
08.05.2025 08:30;3,6368567958622235
08.05.2025 08:45;3,5069150684502723
08.05.2025 09:00;3,831375696433233
08.05.2025 09:15;2,5387994966974325
08.05.2025 09:30;1,5092985098113387
08.05.2025 09:45;0,4274612565689484
08.05.2025 10:00;1,9115857030088477
08.05.2025 10:15;2,7777396250448194
08.05.2025 10:30;1,3781049126746696
08.05.2025 10:45;2,978883527786554
08.05.2025 11:00;2,1619465194390597
08.05.2025 11:15;4,684923695669766
08.05.2025 11:30;6,286617856753874
08.05.2025 11:45;5,394245831545324
08.05.2025 12:00;7,091710117722235
08.05.2025 12:15;8,493651809201001
08.05.2025 12:30;10,384881957028611
08.05.2025 12:45;7,7190960481040065
08.05.2025 13:00;4,876475957119881
08.05.2025 13:15;5,601990952703862
08.05.2025 13:30;1,2142065033833123
08.05.2025 13:45;2,849907502867044
08.05.2025 14:00;0,5879579592751286
08.05.2025 14:15;4,62656190900096
08.05.2025 14:30;0,1836157578032105
08.05.2025 14:45;2,698547236244388
08.05.2025 15:00;3,263730203200134
08.05.2025 15:15;9,321366077553002
08.05.2025 15:30;10,998709941323622
08.05.2025 15:45;15,819932348599838
08.05.2025 16:00;21,80441457737262
08.05.2025 16:15;24,707405291003113
08.05.2025 16:30;33,369652841659594
08.05.2025 16:45;35,54849168408088
08.05.2025 17:00;36,36250962422018
08.05.2025 17:15;38,75193228921776
08.05.2025 17:30;39,2141716496585
08.05.2025 17:45;38,491874554390975
08.05.2025 18:00;36,657143027721304
08.05.2025 18:15;33,09109373054465
08.05.2025 18:30;31,871455512819093
08.05.2025 18:45;25,673851518975283
08.05.2025 19:00;25,312807176893767
08.05.2025 19:15;22,805882971925016
08.05.2025 19:30;18,376379680539713
08.05.2025 19:45;13,881788098822689
08.05.2025 20:00;12,000932903516613
08.05.2025 20:15;7,344162537346189
08.05.2025 20:30;5,64208814031072
08.05.2025 20:45;1,1364306316838566
08.05.2025 21:00;3,7617514327204766
08.05.2025 21:15;2,0172560383961575
08.05.2025 21:30;0,0
08.05.2025 21:45;0,9789867063563888
08.05.2025 22:00;0,0
08.05.2025 22:15;0,0
08.05.2025 22:30;0,5421256594204841
08.05.2025 22:45;0,0
08.05.2025 23:00;0,0
08.05.2025 23:15;0,08742929447820352
08.05.2025 23:30;0,08849386102280254
08.05.2025 23:45;0,0
09.05.2025 00:00;0,49160756081323703
09.05.2025 00:15;1,165796495668295
09.05.2025 00:30;0,448064610495264
09.05.2025 00:45;0,0
09.05.2025 01:00;2,957944663211286
09.05.2025 01:15;0,0
09.05.2025 01:30;0,8507964305178287
09.05.2025 01:45;0,2676010762487596
09.05.2025 02:00;2,2135442446407834
09.05.2025 02:15;0,4254247975061798
09.05.2025 02:30;0,6612707694945693
09.05.2025 02:45;0,5562886797206845
09.05.2025 03:00;0,0
09.05.2025 03:15;0,0
09.05.2025 03:30;0,0
09.05.2025 03:45;1,0531210992271234
09.05.2025 04:00;0,25640641256041213
09.05.2025 04:15;0,0
09.05.2025 04:30;1,5094197812268675
09.05.2025 04:45;0,0
09.05.2025 05:00;0,0
09.05.2025 05:15;0,0
09.05.2025 05:30;4,450543575509482
09.05.2025 05:45;3,148499393140046
09.05.2025 06:00;8,00995625893323
09.05.2025 06:15;7,1340404468471785
09.05.2025 06:30;9,415328727272481
09.05.2025 06:45;10,50368086708116
09.05.2025 07:00;11,095389379221707
09.05.2025 07:15;10,97772711043873
09.05.2025 07:30;10,556068912443122
09.05.2025 07:45;10,122561065288687
09.05.2025 08:00;3,7650134357935454
09.05.2025 08:15;5,456186406927481
09.05.2025 08:30;5,457819521153955
09.05.2025 08:45;5,283679948719678
09.05.2025 09:00;3,7910056531731695
09.05.2025 09:15;3,6728260941357593
09.05.2025 09:30;3,223091467609592
09.05.2025 09:45;2,2844244704020746
09.05.2025 10:00;4,6343833261090985
09.05.2025 10:15;3,2717107042571474
09.05.2025 10:30;1,9623091225567713
09.05.2025 10:45;3,4000972318800846
09.05.2025 11:00;4,957617996844227
09.05.2025 11:15;5,956401163012357
09.05.2025 11:30;4,941302116765565
09.05.2025 11:45;5,280596423197402
09.05.2025 12:00;9,220926075810631
09.05.2025 12:15;10,409356026207583
09.05.2025 12:30;9,711211552664908
09.05.2025 12:45;9,12732248549866
09.05.2025 13:00;7,264294903858868
09.05.2025 13:15;2,269717990784251
09.05.2025 13:30;3,0782122691440614
09.05.2025 13:45;2,251908939657593
09.05.2025 14:00;1,3829395070612145
09.05.2025 14:15;0,44247513533405347
09.05.2025 14:30;1,7789084545486755
09.05.2025 14:45;3,102667087578843
09.05.2025 15:00;6,48692408399647
09.05.2025 15:15;4,729653365872838
09.05.2025 15:30;11,675534830494103
09.05.2025 15:45;14,636718692903846
09.05.2025 16:00;21,38888299451693
09.05.2025 16:15;27,51982895549928
09.05.2025 16:30;29,315602414931604
09.05.2025 16:45;36,499614506134385
09.05.2025 17:00;37,00939609091028
09.05.2025 17:15;38,338402813889665
09.05.2025 17:30;38,731568874554824
09.05.2025 17:45;40,853089823454724
09.05.2025 18:00;37,21241306127553
09.05.2025 18:15;34,68849038846343
09.05.2025 18:30;31,73345805547267
09.05.2025 18:45;29,011433995201436
09.05.2025 19:00;28,641393237221394
09.05.2025 19:15;21,286864331939967
09.05.2025 19:30;18,447706877927025
09.05.2025 19:45;14,773698867598481
09.05.2025 20:00;11,072717945615542
09.05.2025 20:15;7,061763476080751
09.05.2025 20:30;6,4246972026000595
09.05.2025 20:45;3,6871605822073525
09.05.2025 21:00;1,6553242818440181
09.05.2025 21:15;0,0
09.05.2025 21:30;0,0
09.05.2025 21:45;0,0
09.05.2025 22:00;0,20632873546757918
09.05.2025 22:15;0,0
09.05.2025 22:30;0,16673613842026855
09.05.2025 22:45;0,0
09.05.2025 23:00;0,19906049781473872
09.05.2025 23:15;0,0
09.05.2025 23:30;0,7201872413290511
09.05.2025 23:45;0,0
10.05.2025 00:00;0,23882398689804477
10.05.2025 00:15;0,0
10.05.2025 00:30;0,0
10.05.2025 00:45;0,0
10.05.2025 01:00;1,5130501523611573
10.05.2025 01:15;0,5799984832731042
10.05.2025 01:30;0,1428625455294803
10.05.2025 01:45;0,0
10.05.2025 02:00;0,0
10.05.2025 02:15;0,30432071006201084
10.05.2025 02:30;0,7707582280061688
10.05.2025 02:45;0,22987151161370817
10.05.2025 03:00;1,8805129288965028
10.05.2025 03:15;0,0
10.05.2025 03:30;0,19730693485244197
10.05.2025 03:45;0,0
10.05.2025 04:00;0,23215007273395522
10.05.2025 04:15;1,6163105346908264
10.05.2025 04:30;0,0
10.05.2025 04:45;0,9263446961582654
10.05.2025 05:00;1,5851437210020503
10.05.2025 05:15;0,0
10.05.2025 05:30;2,9120800106771507
10.05.2025 05:45;5,024622391084433
10.05.2025 06:00;4,743070610171832
10.05.2025 06:15;7,273208979363457
10.05.2025 06:30;6,769860110549589
10.05.2025 06:45;10,229938430787625
10.05.2025 07:00;11,08971499291688
10.05.2025 07:15;9,126434818591138
10.05.2025 07:30;7,633853963864338
10.05.2025 07:45;8,309993936260438
10.05.2025 08:00;5,331112450153769
10.05.2025 08:15;4,753567192351693
10.05.2025 08:30;5,348939390522338
10.05.2025 08:45;3,5473021834574285
10.05.2025 09:00;2,1615896823427696
10.05.2025 09:15;2,601393135103336
10.05.2025 09:30;2,7419486130530175
10.05.2025 09:45;2,955159656930924
10.05.2025 10:00;1,6498420541730519
10.05.2025 10:15;3,487465207905122
10.05.2025 10:30;3,567190191257515
10.05.2025 10:45;3,283917152314823
10.05.2025 11:00;3,516710970140516
10.05.2025 11:15;4,985586482703678
10.05.2025 11:30;3,7763855081802653
10.05.2025 11:45;5,516801686592683
10.05.2025 12:00;9,476885847134568
10.05.2025 12:15;7,307965922921312
10.05.2025 12:30;8,326073382642434
10.05.2025 12:45;6,192535531644289
10.05.2025 13:00;6,276945216153033
10.05.2025 13:15;3,9328859695666054
10.05.2025 13:30;3,714104775773115
10.05.2025 13:45;0,14766185311259838
10.05.2025 14:00;0,9703287133991254
10.05.2025 14:15;0,09077639646332125
10.05.2025 14:30;3,4164433615163725
10.05.2025 14:45;2,5889761672148035
10.05.2025 15:00;2,5361493496673018
10.05.2025 15:15;4,166782326048761
10.05.2025 15:30;8,905200784361035
10.05.2025 15:45;13,890693547832337
10.05.2025 16:00;20,28668381822397
10.05.2025 16:15;23,832382301530032
10.05.2025 16:30;27,95469548912868
10.05.2025 16:45;33,62647900922966
10.05.2025 17:00;36,9462281016453
10.05.2025 17:15;36,76449530026481
10.05.2025 17:30;38,12527827208162
10.05.2025 17:45;36,48074913033358
10.05.2025 18:00;36,25452421791195
10.05.2025 18:15;30,031279695622793
10.05.2025 18:30;27,392932295919714
10.05.2025 18:45;27,622516593983182
10.05.2025 19:00;23,072130989870416
10.05.2025 19:15;17,270361758210566
10.05.2025 19:30;16,225655400076125
10.05.2025 19:45;13,356150572204271
10.05.2025 20:00;8,73675202084827
10.05.2025 20:15;6,576631130747613
10.05.2025 20:30;5,364238609052363
10.05.2025 20:45;2,2701674629923296
10.05.2025 21:00;4,146179784381124
10.05.2025 21:15;0,6829712614950418
10.05.2025 21:30;0,634724113029725
10.05.2025 21:45;0,5142831972233298
10.05.2025 22:00;0,0
10.05.2025 22:15;1,0869446777493363
10.05.2025 22:30;0,4973626737012326
10.05.2025 22:45;0,0
10.05.2025 23:00;0,0
10.05.2025 23:15;0,5727242316419728
10.05.2025 23:30;0,0
10.05.2025 23:45;0,4183114381499385
11.05.2025 00:00;0,08677741454018675
11.05.2025 00:15;0,0
11.05.2025 00:30;0,2842367451382991
11.05.2025 00:45;0,2104513806235222
11.05.2025 01:00;0,21444225153460067
11.05.2025 01:15;0,1616966090175685
11.05.2025 01:30;0,0
11.05.2025 01:45;0,6507700475103926
11.05.2025 02:00;0,0
11.05.2025 02:15;0,0
11.05.2025 02:30;0,742097074764577
11.05.2025 02:45;1,030073660979888
11.05.2025 03:00;0,6668179099425418
11.05.2025 03:15;0,0
11.05.2025 03:30;0,0
11.05.2025 03:45;1,629859187975674
11.05.2025 04:00;0,0
11.05.2025 04:15;0,6446675327607705
11.05.2025 04:30;2,3212605362530363
11.05.2025 04:45;0,16441309273741495
11.05.2025 05:00;0,32035634905831156
11.05.2025 05:15;1,1934597258639568
11.05.2025 05:30;3,2849357704184023
11.05.2025 05:45;7,713204430898825
11.05.2025 06:00;5,472188948275822
11.05.2025 06:15;7,728972530574415
11.05.2025 06:30;10,549538541009403
11.05.2025 06:45;14,309335931054116
11.05.2025 07:00;12,27197283706581
11.05.2025 07:15;13,171274965487045
11.05.2025 07:30;12,401693476737009
11.05.2025 07:45;8,74601472044864
11.05.2025 08:00;8,159869152554972
11.05.2025 08:15;5,9426693272991855
11.05.2025 08:30;4,660881202548911
11.05.2025 08:45;5,04463508594754
11.05.2025 09:00;4,977001785675164
11.05.2025 09:15;4,29334720109989
11.05.2025 09:30;5,696473716845624
11.05.2025 09:45;1,4496138573986674
11.05.2025 10:00;3,1617307505871413
11.05.2025 10:15;1,2789969244216284
11.05.2025 10:30;3,133112180949025
11.05.2025 10:45;3,652499823425949
11.05.2025 11:00;4,375105381679094
11.05.2025 11:15;6,054605575512733
11.05.2025 11:30;7,389612514032825
11.05.2025 11:45;9,918635291179422
11.05.2025 12:00;9,545584663766013
11.05.2025 12:15;8,843644130012203
11.05.2025 12:30;8,890336087977841
11.05.2025 12:45;8,520515148031839
11.05.2025 13:00;6,0722517182648375
11.05.2025 13:15;5,544578873247493
11.05.2025 13:30;1,9333577520360783
11.05.2025 13:45;3,1635589637921537
11.05.2025 14:00;0,0
11.05.2025 14:15;0,08797548886020934
11.05.2025 14:30;0,33203840697366016
11.05.2025 14:45;1,8673294574626884
11.05.2025 15:00;6,600107780331581
11.05.2025 15:15;6,743130108740353
11.05.2025 15:30;12,45699511074993
11.05.2025 15:45;17,724941889505963
11.05.2025 16:00;22,76210146498413
11.05.2025 16:15;29,566984022668816
11.05.2025 16:30;34,91362559505373
11.05.2025 16:45;38,90475986983712
11.05.2025 17:00;39,84658766368211
11.05.2025 17:15;42,54170807298298
11.05.2025 17:30;44,76845745260686
11.05.2025 17:45;44,12665134576033
11.05.2025 18:00;43,456267084197265
11.05.2025 18:15;38,74771293350785
11.05.2025 18:30;33,86716311130992
11.05.2025 18:45;31,615109512562125
11.05.2025 19:00;27,826365133258637
11.05.2025 19:15;23,162832799074074
11.05.2025 19:30;20,886889940567997
11.05.2025 19:45;16,919226290740223
11.05.2025 20:00;11,229452352649547
11.05.2025 20:15;11,473494548201261
11.05.2025 20:30;5,024377411044171
11.05.2025 20:45;4,236313100113268
11.05.2025 21:00;4,676622136655879
11.05.2025 21:15;1,4880968800395487
11.05.2025 21:30;0,0
11.05.2025 21:45;2,1657058647960814
11.05.2025 22:00;0,0
11.05.2025 22:15;0,0
11.05.2025 22:30;0,4980136571788782
11.05.2025 22:45;0,0
11.05.2025 23:00;0,0
11.05.2025 23:15;0,6850252915688506
11.05.2025 23:30;0,0
11.05.2025 23:45;0,6386704585282419
12.05.2025 00:00;0,0
12.05.2025 00:15;0,9443280266882772
12.05.2025 00:30;0,0
12.05.2025 00:45;1,4504947687543706
12.05.2025 01:00;0,0
12.05.2025 01:15;1,6842743742750055
12.05.2025 01:30;0,0
12.05.2025 01:45;2,11724180989028
12.05.2025 02:00;0,0
12.05.2025 02:15;0,0
12.05.2025 02:30;0,04741360373116802
12.05.2025 02:45;1,35738794300562
12.05.2025 03:00;0,8698673638914559
12.05.2025 03:15;1,2792683960802287
12.05.2025 03:30;0,8915722176697177
12.05.2025 03:45;0,0
12.05.2025 04:00;0,8430585845938002
12.05.2025 04:15;0,10211734758771666
12.05.2025 04:30;0,0
12.05.2025 04:45;0,1972894961831794
12.05.2025 05:00;0,0
12.05.2025 05:15;2,3213907142122925
12.05.2025 05:30;2,3142266058219216
12.05.2025 05:45;3,1793801092908396
12.05.2025 06:00;5,710531514647851
12.05.2025 06:15;11,413264196370015
12.05.2025 06:30;10,53755192302659
12.05.2025 06:45;12,009363534084157
12.05.2025 07:00;10,510201161349721
12.05.2025 07:15;13,670141292695295
12.05.2025 07:30;10,250671217662727
12.05.2025 07:45;8,952357209862678
12.05.2025 08:00;7,314013495356037
12.05.2025 08:15;5,612539214991416
12.05.2025 08:30;4,13047395785439
12.05.2025 08:45;5,913166963163398
12.05.2025 09:00;3,002509000679528
12.05.2025 09:15;0,5968946933743946
12.05.2025 09:30;0,4095271273130714
12.05.2025 09:45;2,581392143031084
12.05.2025 10:00;3,6117608510971104
12.05.2025 10:15;5,861222293405486
12.05.2025 10:30;0,3044965110405995
12.05.2025 10:45;2,146675123628376
12.05.2025 11:00;3,4248430243407855
12.05.2025 11:15;4,831090186024213
12.05.2025 11:30;4,591599884970838
12.05.2025 11:45;7,408205758224314
12.05.2025 12:00;7,6363340009383425
12.05.2025 12:15;12,276906576431756
12.05.2025 12:30;10,87605309769408
12.05.2025 12:45;8,542203549838678
12.05.2025 13:00;6,970216705877709
12.05.2025 13:15;3,802165009608271
12.05.2025 13:30;4,132890259879642
12.05.2025 13:45;0,0
12.05.2025 14:00;0,0
12.05.2025 14:15;1,6696330330737315
12.05.2025 14:30;2,1706205319724
12.05.2025 14:45;2,2759606802026213
12.05.2025 15:00;4,803368001765757
12.05.2025 15:15;5,337034321234587
12.05.2025 15:30;11,668627554785479
12.05.2025 15:45;16,58139858726538
12.05.2025 16:00;22,817287585684536
12.05.2025 16:15;29,151513185024097
12.05.2025 16:30;32,00215097328113
12.05.2025 16:45;36,87525317482964
12.05.2025 17:00;41,54521917492244
12.05.2025 17:15;43,82722184694627
12.05.2025 17:30;44,72433143043422
12.05.2025 17:45;42,50582095345244
12.05.2025 18:00;40,154730085488474
12.05.2025 18:15;40,00558443728781
12.05.2025 18:30;33,57023194974378
12.05.2025 18:45;31,548633272602547
12.05.2025 19:00;26,623971107627906
12.05.2025 19:15;22,68607587927516
12.05.2025 19:30;18,425465489583594
12.05.2025 19:45;17,75419863601105
12.05.2025 20:00;12,633006219900539
12.05.2025 20:15;11,21343872631807
12.05.2025 20:30;7,403911414091544
12.05.2025 20:45;2,8710415194478065
12.05.2025 21:00;2,995159013784528
12.05.2025 21:15;2,17497892037864
12.05.2025 21:30;1,8957448383860966
12.05.2025 21:45;0,0
12.05.2025 22:00;2,6910271218527586
12.05.2025 22:15;0,45868564307245435
12.05.2025 22:30;0,9998234005801719
12.05.2025 22:45;0,0
12.05.2025 23:00;0,0
12.05.2025 23:15;0,9051327085869294
12.05.2025 23:30;0,0
12.05.2025 23:45;0,0
13.05.2025 00:00;0,3690558875335728
13.05.2025 00:15;0,0
13.05.2025 00:30;1,585470796664523
13.05.2025 00:45;0,0
13.05.2025 01:00;0,0
13.05.2025 01:15;0,7674452562005148
13.05.2025 01:30;1,1368724791561298
13.05.2025 01:45;0,0
13.05.2025 02:00;1,038948635534723
13.05.2025 02:15;0,0
13.05.2025 02:30;0,01817376409923711
13.05.2025 02:45;0,7378467170880932
13.05.2025 03:00;0,9296499782657998
13.05.2025 03:15;0,3501463970451969
13.05.2025 03:30;0,0
13.05.2025 03:45;0,0
13.05.2025 04:00;0,0
13.05.2025 04:15;1,0684133445807402
13.05.2025 04:30;0,49466718553751715
13.05.2025 04:45;0,2662363081180408
13.05.2025 05:00;0,0
13.05.2025 05:15;1,041914263504065
13.05.2025 05:30;0,8992511787889153
13.05.2025 05:45;5,8917094527068175
13.05.2025 06:00;6,977913608989674
13.05.2025 06:15;7,07183361192218
13.05.2025 06:30;9,269045029325865
13.05.2025 06:45;8,343057752470237
13.05.2025 07:00;10,01810708854777
13.05.2025 07:15;11,140540629500027
13.05.2025 07:30;11,793287319003241
13.05.2025 07:45;6,513213411550115
13.05.2025 08:00;6,4286524745155695
13.05.2025 08:15;3,5803037472846575
13.05.2025 08:30;1,2232169951658887
13.05.2025 08:45;3,992368652181654
13.05.2025 09:00;2,6094904735994744
13.05.2025 09:15;3,8816856373856963
13.05.2025 09:30;3,514693408226309
13.05.2025 09:45;1,8288665052775133
13.05.2025 10:00;0,461848252570888
13.05.2025 10:15;0,6598469725564666
13.05.2025 10:30;1,3056428184882338
13.05.2025 10:45;0,8490597070728552
13.05.2025 11:00;2,4500926355469392
13.05.2025 11:15;4,931695523175295
13.05.2025 11:30;4,0437084758952135
13.05.2025 11:45;7,21252662322571
13.05.2025 12:00;11,307985831229713
13.05.2025 12:15;9,592702649791192
13.05.2025 12:30;10,272100826908343
13.05.2025 12:45;7,847618651715729
13.05.2025 13:00;6,316714097807353
13.05.2025 13:15;2,179522251375913
13.05.2025 13:30;2,053600932179803
13.05.2025 13:45;1,776789636167782
13.05.2025 14:00;0,0
13.05.2025 14:15;2,1245350787376487
13.05.2025 14:30;0,027089174364756496
13.05.2025 14:45;2,4851967856221817
13.05.2025 15:00;3,9557463359255625
13.05.2025 15:15;8,26264152501047
13.05.2025 15:30;9,538604067178532
13.05.2025 15:45;14,889701800114754
13.05.2025 16:00;21,020202247409554
13.05.2025 16:15;24,95352450048164
13.05.2025 16:30;33,21521551985863
13.05.2025 16:45;34,38923216580003
13.05.2025 17:00;39,31769028798611
13.05.2025 17:15;40,27350949809761
13.05.2025 17:30;42,52206144169221
13.05.2025 17:45;39,6340239463859
13.05.2025 18:00;37,23895634791596
13.05.2025 18:15;37,251722758756166
13.05.2025 18:30;31,38116597947105
13.05.2025 18:45;28,297224589517935
13.05.2025 19:00;26,499458799890704
13.05.2025 19:15;21,640924406886636
13.05.2025 19:30;17,07630474347794
13.05.2025 19:45;13,282352434802503
13.05.2025 20:00;13,760333773350851
13.05.2025 20:15;8,117048996218655
13.05.2025 20:30;5,411810268833832
13.05.2025 20:45;3,618456401757731
13.05.2025 21:00;2,6512537558238103
13.05.2025 21:15;0,0
13.05.2025 21:30;0,0
13.05.2025 21:45;0,0
13.05.2025 22:00;0,0
13.05.2025 22:15;0,0
13.05.2025 22:30;0,2765979101088496
13.05.2025 22:45;0,0
13.05.2025 23:00;0,40734187313347536
13.05.2025 23:15;0,49567377699589626
13.05.2025 23:30;0,8145494625713889
13.05.2025 23:45;0,0
14.05.2025 00:00;0,0
14.05.2025 00:15;0,6103753952498238
14.05.2025 00:30;0,23255357615955163
14.05.2025 00:45;1,074626248909973
14.05.2025 01:00;0,0
14.05.2025 01:15;0,0
14.05.2025 01:30;0,0
14.05.2025 01:45;0,1832201667874621
14.05.2025 02:00;0,039465111988974774
14.05.2025 02:15;0,5159855602190103
14.05.2025 02:30;0,0
14.05.2025 02:45;1,5095698980501517
14.05.2025 03:00;1,8603302059893811
14.05.2025 03:15;0,0
14.05.2025 03:30;0,049622331289888716
14.05.2025 03:45;0,8777937028378151
14.05.2025 04:00;0,643860779880229
14.05.2025 04:15;0,0
14.05.2025 04:30;0,280351373771465
14.05.2025 04:45;0,0
14.05.2025 05:00;0,0
14.05.2025 05:15;0,0
14.05.2025 05:30;2,674852586276886
14.05.2025 05:45;1,6179270496532228
14.05.2025 06:00;6,325258929300248
14.05.2025 06:15;9,365276513341724
14.05.2025 06:30;9,424739706875926
14.05.2025 06:45;11,194788508880533
14.05.2025 07:00;11,666216717320857
14.05.2025 07:15;13,166520355649748
14.05.2025 07:30;11,456880808035194
14.05.2025 07:45;8,327062647025654
14.05.2025 08:00;6,28721126965836
14.05.2025 08:15;5,169564311655071
14.05.2025 08:30;6,257316077220953
14.05.2025 08:45;4,240855598828507
14.05.2025 09:00;4,133330497351856
14.05.2025 09:15;3,7858553870073477
14.05.2025 09:30;3,681308064904273
14.05.2025 09:45;3,606631343114718
14.05.2025 10:00;1,0619416846053769
14.05.2025 10:15;3,2779189823944392
14.05.2025 10:30;4,569047332843913
14.05.2025 10:45;4,11464032367294
14.05.2025 11:00;3,160986521243769
14.05.2025 11:15;4,939354799315515
14.05.2025 11:30;6,952182593179958
14.05.2025 11:45;8,140309628242747
14.05.2025 12:00;10,424696266391068
14.05.2025 12:15;9,770451632531504
14.05.2025 12:30;10,529656993901787
14.05.2025 12:45;8,311001208256812
14.05.2025 13:00;5,740859085856138
14.05.2025 13:15;4,1152384812893645
14.05.2025 13:30;0,769071576672977
14.05.2025 13:45;3,9677287986261147
14.05.2025 14:00;2,1839807755750895
14.05.2025 14:15;3,000483453873253
14.05.2025 14:30;0,8601073114731733
14.05.2025 14:45;1,0514673382013457
14.05.2025 15:00;3,659265072808707
14.05.2025 15:15;7,268322253855633
14.05.2025 15:30;12,695299469590548
14.05.2025 15:45;15,288535811664655
14.05.2025 16:00;23,088524603387008
14.05.2025 16:15;28,899648182348237
14.05.2025 16:30;34,68568947470039
14.05.2025 16:45;40,849483946189885
14.05.2025 17:00;40,223707595608275
14.05.2025 17:15;43,859973090412495
14.05.2025 17:30;43,60366161476391
14.05.2025 17:45;41,3652253474687
14.05.2025 18:00;39,2058260077244
14.05.2025 18:15;39,53355651938823
14.05.2025 18:30;36,81578280516832
14.05.2025 18:45;31,9647408952849
14.05.2025 19:00;27,378056097163537
14.05.2025 19:15;21,95057954774215
14.05.2025 19:30;18,909529958963642
14.05.2025 19:45;15,802526240240024
14.05.2025 20:00;14,08923050635081
14.05.2025 20:15;6,83232935527898
14.05.2025 20:30;6,9671388532756815
14.05.2025 20:45;3,5003748144406717
14.05.2025 21:00;2,9978022181428123
14.05.2025 21:15;1,073367178102094
14.05.2025 21:30;0,0
14.05.2025 21:45;0,19779231745987186
14.05.2025 22:00;0,0
14.05.2025 22:15;0,0
14.05.2025 22:30;0,0
14.05.2025 22:45;0,0
14.05.2025 23:00;0,0
14.05.2025 23:15;0,7594125220754321
14.05.2025 23:30;0,0
14.05.2025 23:45;0,0
15.05.2025 00:00;1,9449368058940661
15.05.2025 00:15;0,4216169947205008
15.05.2025 00:30;0,0
15.05.2025 00:45;0,0
15.05.2025 01:00;0,0
15.05.2025 01:15;0,0
15.05.2025 01:30;0,3383748966142992
15.05.2025 01:45;0,0
15.05.2025 02:00;0,0
15.05.2025 02:15;0,0
15.05.2025 02:30;0,0
15.05.2025 02:45;0,04758323462853263
15.05.2025 03:00;0,2003672471975738
15.05.2025 03:15;0,0
15.05.2025 03:30;0,6051917535225773
15.05.2025 03:45;0,0
15.05.2025 04:00;0,0
15.05.2025 04:15;0,0
15.05.2025 04:30;0,31308167802176784
15.05.2025 04:45;0,08349897103496139
15.05.2025 05:00;0,0
15.05.2025 05:15;0,5495648049623101
15.05.2025 05:30;3,195518780130457
15.05.2025 05:45;4,366282370851477
15.05.2025 06:00;6,359303138601424
15.05.2025 06:15;6,822074582438587
15.05.2025 06:30;10,394657717435466
15.05.2025 06:45;11,88760661941691
15.05.2025 07:00;10,226102512251192
15.05.2025 07:15;10,746291210515238
15.05.2025 07:30;8,420670540799964
15.05.2025 07:45;6,628737479834943
15.05.2025 08:00;6,435193634704454
15.05.2025 08:15;5,8105246883155965
15.05.2025 08:30;6,065953207031585
15.05.2025 08:45;2,6852299712297283
15.05.2025 09:00;4,056268232571547
15.05.2025 09:15;3,226855163863516
15.05.2025 09:30;0,0
15.05.2025 09:45;2,4824913202239323
15.05.2025 10:00;1,3130223888167925
15.05.2025 10:15;4,475816451175994
15.05.2025 10:30;0,9480092763875001
15.05.2025 10:45;3,185334909628573
15.05.2025 11:00;3,052109591209164
15.05.2025 11:15;3,999140254091839
15.05.2025 11:30;5,662406978816987
15.05.2025 11:45;9,087780307652034
15.05.2025 12:00;9,074807100435445
15.05.2025 12:15;9,191707002587009
15.05.2025 12:30;10,149423379277536
15.05.2025 12:45;8,598013054747382
15.05.2025 13:00;4,324843114181887
15.05.2025 13:15;2,527513234510292
15.05.2025 13:30;4,377523237810238
15.05.2025 13:45;2,4087122700478796
15.05.2025 14:00;0,0
15.05.2025 14:15;1,0136136327286351
15.05.2025 14:30;0,0
15.05.2025 14:45;0,9827764038861585
15.05.2025 15:00;4,961331384272788
15.05.2025 15:15;9,210295628157567
15.05.2025 15:30;10,193027101039315
15.05.2025 15:45;14,322138067304753
15.05.2025 16:00;19,571298488426848
15.05.2025 16:15;27,947504946336196
15.05.2025 16:30;33,56713895124414
15.05.2025 16:45;35,58357395981576
15.05.2025 17:00;39,428978808083954
15.05.2025 17:15;40,300133322388334
15.05.2025 17:30;41,187322764022824
15.05.2025 17:45;39,278587677479074
15.05.2025 18:00;36,02989758068498
15.05.2025 18:15;35,096790900221144
15.05.2025 18:30;30,966583776853735
15.05.2025 18:45;29,587219576318848
15.05.2025 19:00;23,108274479740206
15.05.2025 19:15;21,72084517676519
15.05.2025 19:30;18,945657588963474
15.05.2025 19:45;15,418628909922864
15.05.2025 20:00;10,745894429254797
15.05.2025 20:15;8,921139097998484
15.05.2025 20:30;8,578589003950347
15.05.2025 20:45;3,5161134695674057
15.05.2025 21:00;2,366801000926706
15.05.2025 21:15;0,32945518016811154
15.05.2025 21:30;1,1896597848620407
15.05.2025 21:45;0,0
15.05.2025 22:00;0,0
15.05.2025 22:15;0,4299860750550199
15.05.2025 22:30;2,0143796197566024
15.05.2025 22:45;0,08171145868809386
15.05.2025 23:00;0,0
15.05.2025 23:15;2,137298369789326
15.05.2025 23:30;1,462781806476365
15.05.2025 23:45;1,3033075071478204
16.05.2025 00:00;0,0
16.05.2025 00:15;0,0
16.05.2025 00:30;0,0
16.05.2025 00:45;1,0614085766396735
16.05.2025 01:00;0,0846968654087649
16.05.2025 01:15;0,0
16.05.2025 01:30;1,3220323622866512
16.05.2025 01:45;0,0
16.05.2025 02:00;0,0
16.05.2025 02:15;0,0
16.05.2025 02:30;0,5414182846670644
16.05.2025 02:45;0,5519470283545158
16.05.2025 03:00;0,0
16.05.2025 03:15;0,0
16.05.2025 03:30;2,8891144023541275
16.05.2025 03:45;0,0
16.05.2025 04:00;0,0
16.05.2025 04:15;0,7790824116277348
16.05.2025 04:30;0,0
16.05.2025 04:45;0,0
16.05.2025 05:00;1,2446705110722673
16.05.2025 05:15;1,2762022013733807
16.05.2025 05:30;1,4092969012800478
16.05.2025 05:45;3,3967423586584324
16.05.2025 06:00;4,713159463294605
16.05.2025 06:15;4,584350358411356
16.05.2025 06:30;8,058502640931861
16.05.2025 06:45;10,886522148574889
16.05.2025 07:00;10,180978653758178
16.05.2025 07:15;9,02126853576858
16.05.2025 07:30;8,929338035101587
16.05.2025 07:45;4,871273315106289
16.05.2025 08:00;3,686910329797014
16.05.2025 08:15;1,309739859361889
16.05.2025 08:30;3,5372741568081056
16.05.2025 08:45;5,096228112444106
16.05.2025 09:00;1,3995989243347826
16.05.2025 09:15;1,006402734231583
16.05.2025 09:30;2,0353695250534503
16.05.2025 09:45;1,5889574276088225
16.05.2025 10:00;1,8671860394210908
16.05.2025 10:15;4,082207318512338
16.05.2025 10:30;3,3385837939733074
16.05.2025 10:45;2,211988183951624
16.05.2025 11:00;3,0698127051264246
16.05.2025 11:15;5,635488881062848
16.05.2025 11:30;5,084561046168377
16.05.2025 11:45;6,38460540979577
16.05.2025 12:00;8,740998673749155
16.05.2025 12:15;9,448883877361112
16.05.2025 12:30;6,754014419098698
16.05.2025 12:45;5,658268818778622
16.05.2025 13:00;6,53913710161398
16.05.2025 13:15;3,8484026176494273
16.05.2025 13:30;0,0
16.05.2025 13:45;0,3184740537391547
16.05.2025 14:00;0,2883966273667842
16.05.2025 14:15;1,0424457797513036
16.05.2025 14:30;2,4860078128299823
16.05.2025 14:45;5,5145962810056535
16.05.2025 15:00;0,7127461068724275
16.05.2025 15:15;5,509227080671815
16.05.2025 15:30;9,454438884270772
16.05.2025 15:45;15,143471809042058
16.05.2025 16:00;17,544445979088387
16.05.2025 16:15;23,359909141796212
16.05.2025 16:30;26,31904998672185
16.05.2025 16:45;31,075349365554
16.05.2025 17:00;33,64353083631024
16.05.2025 17:15;35,27088900075195
16.05.2025 17:30;35,413935310029466
16.05.2025 17:45;33,0803938591582
16.05.2025 18:00;35,87306161194251
16.05.2025 18:15;28,577834732853088
16.05.2025 18:30;29,13801428587769
16.05.2025 18:45;24,068205223193726
16.05.2025 19:00;22,377064070333006
16.05.2025 19:15;17,82944076491543
16.05.2025 19:30;12,898344417485317
16.05.2025 19:45;12,099943322254552
16.05.2025 20:00;9,331601848127551
16.05.2025 20:15;7,238786110473093
16.05.2025 20:30;5,051791679982407
16.05.2025 20:45;2,3547635704403516
16.05.2025 21:00;4,0936200212036
16.05.2025 21:15;0,7884460898052665
16.05.2025 21:30;0,0
16.05.2025 21:45;0,0
16.05.2025 22:00;0,0
16.05.2025 22:15;0,0
16.05.2025 22:30;0,33490279235694403
16.05.2025 22:45;1,4884087567434572
16.05.2025 23:00;0,0
16.05.2025 23:15;0,08374729745686119
16.05.2025 23:30;0,0
16.05.2025 23:45;0,0
17.05.2025 00:00;0,2085336747147234
17.05.2025 00:15;0,0
17.05.2025 00:30;0,0
17.05.2025 00:45;0,0
17.05.2025 01:00;0,07104705051251052
17.05.2025 01:15;1,173710334447973
17.05.2025 01:30;0,7780396673965725
17.05.2025 01:45;1,6411926638234706
17.05.2025 02:00;0,0
17.05.2025 02:15;0,9358903261106905
17.05.2025 02:30;0,0
17.05.2025 02:45;0,7801845103006847
17.05.2025 03:00;1,8086060068894818
17.05.2025 03:15;0,5482196534233261
17.05.2025 03:30;1,827992778638115
17.05.2025 03:45;0,0
17.05.2025 04:00;0,0
17.05.2025 04:15;0,0
17.05.2025 04:30;0,03826883330097269
17.05.2025 04:45;0,2966412024818985
17.05.2025 05:00;0,02863856889563438
17.05.2025 05:15;0,1756427898497046
17.05.2025 05:30;0,35365685751409703
17.05.2025 05:45;4,1004340528930046
17.05.2025 06:00;5,577027149027053
17.05.2025 06:15;5,8725680266815505
17.05.2025 06:30;5,829511956562002
17.05.2025 06:45;10,459445539800267
17.05.2025 07:00;9,943288157172706
17.05.2025 07:15;9,615127326893738
17.05.2025 07:30;9,100178076039896
17.05.2025 07:45;6,570265009026408
17.05.2025 08:00;4,449783733618569
17.05.2025 08:15;6,815921174764538
17.05.2025 08:30;3,8337923331954435
17.05.2025 08:45;5,064592022969483
17.05.2025 09:00;4,067171535238283
17.05.2025 09:15;2,1757008572621666
17.05.2025 09:30;3,6107999308809324
17.05.2025 09:45;1,9462838090107244
17.05.2025 10:00;2,2257543133438666
17.05.2025 10:15;4,168554868682707
17.05.2025 10:30;0,0
17.05.2025 10:45;1,6400540960034617
17.05.2025 11:00;3,3282501718929494
17.05.2025 11:15;5,214524641843403
17.05.2025 11:30;5,694216895265756
17.05.2025 11:45;9,914528272057083
17.05.2025 12:00;11,109835901880214
17.05.2025 12:15;5,538714303824127
17.05.2025 12:30;7,489989948080053
17.05.2025 12:45;6,951053741534716
17.05.2025 13:00;3,867110261400925
17.05.2025 13:15;4,328457353730237
17.05.2025 13:30;0,2237864363072089
17.05.2025 13:45;0,4202142461644427
17.05.2025 14:00;1,4864091169573672
17.05.2025 14:15;1,8406726692932471
17.05.2025 14:30;0,0
17.05.2025 14:45;4,1649679759321065
17.05.2025 15:00;4,909862487432532
17.05.2025 15:15;5,678076730492406
17.05.2025 15:30;7,176759455990816
17.05.2025 15:45;16,279605384709527
17.05.2025 16:00;20,140340545855405
17.05.2025 16:15;23,869394254630436
17.05.2025 16:30;33,29696145228469
17.05.2025 16:45;33,622091137244695
17.05.2025 17:00;35,702164774541295
17.05.2025 17:15;39,83217410433906
17.05.2025 17:30;38,283523396533674
17.05.2025 17:45;40,716954924450505
17.05.2025 18:00;35,152727129414984
17.05.2025 18:15;33,167014160221576
17.05.2025 18:30;32,760740909732014
17.05.2025 18:45;28,82582659748373
17.05.2025 19:00;24,78861165909377
17.05.2025 19:15;20,744718096884682
17.05.2025 19:30;17,60237251235814
17.05.2025 19:45;14,19618850133286
17.05.2025 20:00;12,535651971167207
17.05.2025 20:15;8,33973790068049
17.05.2025 20:30;7,12277807183004
17.05.2025 20:45;5,402809120543673
17.05.2025 21:00;0,41326394673118116
17.05.2025 21:15;3,3814326742718177
17.05.2025 21:30;0,0
17.05.2025 21:45;0,0
17.05.2025 22:00;0,5939899146431937
17.05.2025 22:15;0,48571864483421545
17.05.2025 22:30;0,07899674806101513
17.05.2025 22:45;0,9000761967749055
17.05.2025 23:00;0,2778930467536252
17.05.2025 23:15;2,272316197250164
17.05.2025 23:30;0,0
17.05.2025 23:45;0,0
18.05.2025 00:00;0,0
18.05.2025 00:15;0,5184568199024749
18.05.2025 00:30;0,534546855320971
18.05.2025 00:45;0,22712363510954733
18.05.2025 01:00;0,0
18.05.2025 01:15;1,219512931938454
18.05.2025 01:30;2,1306897223571055
18.05.2025 01:45;0,03214785408481694
18.05.2025 02:00;1,9916654374585403
18.05.2025 02:15;0,9528815960862168
18.05.2025 02:30;2,440555892111335
18.05.2025 02:45;0,5199084996253995
18.05.2025 03:00;0,15026338335016678
18.05.2025 03:15;0,9266413562775968
18.05.2025 03:30;0,0
18.05.2025 03:45;0,4478291266456024
18.05.2025 04:00;1,4637880912818964
18.05.2025 04:15;0,9014615012907271
18.05.2025 04:30;0,0
18.05.2025 04:45;0,22045715350805342
18.05.2025 05:00;0,8334444594319649
18.05.2025 05:15;1,3866752062261825
18.05.2025 05:30;3,0936175752458133
18.05.2025 05:45;2,8092958066947675
18.05.2025 06:00;5,6337512994849615
18.05.2025 06:15;5,129364343963127
18.05.2025 06:30;8,195843446460191
18.05.2025 06:45;8,847040715029063
18.05.2025 07:00;11,433506841878618
18.05.2025 07:15;9,363943841212466
18.05.2025 07:30;8,294187039761757
18.05.2025 07:45;4,34895788086001
18.05.2025 08:00;3,5967564491768202
18.05.2025 08:15;3,3569540999677807
18.05.2025 08:30;6,202404668921817
18.05.2025 08:45;4,199848177267903
18.05.2025 09:00;5,383181831352948
18.05.2025 09:15;0,9059462314305828
18.05.2025 09:30;1,7194055188954502
18.05.2025 09:45;1,534427220990922
18.05.2025 10:00;2,5788387082848105
18.05.2025 10:15;1,628644885678888
18.05.2025 10:30;0,0
18.05.2025 10:45;1,3389967448234268
18.05.2025 11:00;3,7428546794861197
18.05.2025 11:15;1,8756978153100432
18.05.2025 11:30;4,393127826082757
18.05.2025 11:45;6,822255854611222
18.05.2025 12:00;5,395741439409709
18.05.2025 12:15;6,7138837900230435
18.05.2025 12:30;8,278300863673651
18.05.2025 12:45;7,1199265047459885
18.05.2025 13:00;5,089652887959618
18.05.2025 13:15;2,6234281342536363
18.05.2025 13:30;0,976277879080709
18.05.2025 13:45;1,212308341665626
18.05.2025 14:00;3,1689555102769416
18.05.2025 14:15;1,1193111114819971
18.05.2025 14:30;0,8903521754034872
18.05.2025 14:45;2,63657180045959
18.05.2025 15:00;1,9794016306780582
18.05.2025 15:15;6,027829357936547
18.05.2025 15:30;8,433568339205193
18.05.2025 15:45;12,451343781626672
18.05.2025 16:00;19,314076812530057
18.05.2025 16:15;18,70070136106613
18.05.2025 16:30;25,482296835500186
18.05.2025 16:45;29,269967200634778
18.05.2025 17:00;29,779259113779872
18.05.2025 17:15;32,121914226948995
18.05.2025 17:30;32,870958769494706
18.05.2025 17:45;33,01988197651364
18.05.2025 18:00;32,36338965854821
18.05.2025 18:15;30,010539517556964
18.05.2025 18:30;24,398767147554775
18.05.2025 18:45;22,5036357472213
18.05.2025 19:00;22,030415964040685
18.05.2025 19:15;18,927459299330213
18.05.2025 19:30;16,04314591818359
18.05.2025 19:45;9,621612822669652
18.05.2025 20:00;9,183004081431976
18.05.2025 20:15;9,538782459571276
18.05.2025 20:30;6,062060487056554
18.05.2025 20:45;5,245458803167834
18.05.2025 21:00;0,2587319185483905
18.05.2025 21:15;2,3431832128839067
18.05.2025 21:30;0,0
18.05.2025 21:45;0,9486795812431945
18.05.2025 22:00;0,0
18.05.2025 22:15;0,12724596269580557
18.05.2025 22:30;0,6550976381600764
18.05.2025 22:45;0,0
18.05.2025 23:00;0,8812170343622718
18.05.2025 23:15;0,0
18.05.2025 23:30;0,19585492708505567
18.05.2025 23:45;0,0
19.05.2025 00:00;0,0
19.05.2025 00:15;1,3898961871868076
19.05.2025 00:30;0,7641449058305716
19.05.2025 00:45;0,975200175778097
19.05.2025 01:00;0,058649445647563095
19.05.2025 01:15;1,8439019531801788
19.05.2025 01:30;0,31728258822564565
19.05.2025 01:45;0,0
19.05.2025 02:00;0,9406549626183719
19.05.2025 02:15;1,0148581954372515
19.05.2025 02:30;0,6925503472441968
19.05.2025 02:45;0,0
19.05.2025 03:00;0,30961938927689425
19.05.2025 03:15;1,5326573470997022
19.05.2025 03:30;0,5253049939458613
19.05.2025 03:45;0,0
19.05.2025 04:00;0,0
19.05.2025 04:15;0,0
19.05.2025 04:30;0,0
19.05.2025 04:45;0,0
19.05.2025 05:00;2,0796352805629077
19.05.2025 05:15;0,0
19.05.2025 05:30;1,883780663515898
19.05.2025 05:45;1,8128517008083818
19.05.2025 06:00;6,685371292029994
19.05.2025 06:15;7,296207675291944
19.05.2025 06:30;9,413833375235106
19.05.2025 06:45;10,198226542601839
19.05.2025 07:00;12,396305247909618
19.05.2025 07:15;11,476930504215947
19.05.2025 07:30;7,510400820925328
19.05.2025 07:45;6,17975142143833
19.05.2025 08:00;3,7849699062104127
19.05.2025 08:15;4,505000493163237
19.05.2025 08:30;4,282582542075481
19.05.2025 08:45;6,430589700852651
19.05.2025 09:00;3,38062501731304
19.05.2025 09:15;5,044537007671709
19.05.2025 09:30;1,0891346254419074
19.05.2025 09:45;6,34251395621196
19.05.2025 10:00;5,097856662197211
19.05.2025 10:15;4,21150077650571
19.05.2025 10:30;3,6747337021126514
19.05.2025 10:45;1,9935944888578834
19.05.2025 11:00;3,3435138915439606
19.05.2025 11:15;3,285692308341921
19.05.2025 11:30;5,30274627546963
19.05.2025 11:45;7,15578012020984
19.05.2025 12:00;11,017024449743513
19.05.2025 12:15;9,967085477189087
19.05.2025 12:30;7,913217921888126
19.05.2025 12:45;5,302061154016874
19.05.2025 13:00;4,430869479135105
19.05.2025 13:15;4,918135522523318
19.05.2025 13:30;3,4102537515015605
19.05.2025 13:45;2,071979513842831
19.05.2025 14:00;2,046008073312625
19.05.2025 14:15;1,045826434693546
19.05.2025 14:30;2,245132409942615
19.05.2025 14:45;0,7822136190841344
19.05.2025 15:00;4,223061401791811
19.05.2025 15:15;8,956261284296303
19.05.2025 15:30;9,363085556898511
19.05.2025 15:45;16,124198334995704
19.05.2025 16:00;21,341200906923444
19.05.2025 16:15;27,224613455787356
19.05.2025 16:30;33,51560471770143
19.05.2025 16:45;37,521710002419674
19.05.2025 17:00;39,77366350367673
19.05.2025 17:15;41,398740088053174
19.05.2025 17:30;39,92417886298006
19.05.2025 17:45;39,84967872083447
19.05.2025 18:00;38,39076048571529
19.05.2025 18:15;38,126549321619756
19.05.2025 18:30;28,59873631415726
19.05.2025 18:45;28,320614082163438
19.05.2025 19:00;26,14294810980866
19.05.2025 19:15;22,038686972963873
19.05.2025 19:30;18,77136365676238
19.05.2025 19:45;16,36096969814834
19.05.2025 20:00;12,730645430024026
19.05.2025 20:15;9,001729170009902
19.05.2025 20:30;7,959964346606469
19.05.2025 20:45;4,097377691031248
19.05.2025 21:00;0,0
19.05.2025 21:15;1,881444385259024
19.05.2025 21:30;0,6657130834405497
19.05.2025 21:45;0,42854815312467887
19.05.2025 22:00;0,0
19.05.2025 22:15;2,1550510005999097
19.05.2025 22:30;0,16771907069374783
19.05.2025 22:45;0,0
19.05.2025 23:00;0,0
19.05.2025 23:15;0,7452196405102908
19.05.2025 23:30;0,7779747137143068
19.05.2025 23:45;0,0
20.05.2025 00:00;0,5088876774633241
20.05.2025 00:15;0,7343669767914444
20.05.2025 00:30;0,15391774309661263
20.05.2025 00:45;0,0
20.05.2025 01:00;1,0574915440840245
20.05.2025 01:15;0,9213944415403112
20.05.2025 01:30;0,6244480440542952
20.05.2025 01:45;0,0
20.05.2025 02:00;0,0
20.05.2025 02:15;0,08417630144634952
20.05.2025 02:30;1,0225282392759028
20.05.2025 02:45;1,1444101690580888
20.05.2025 03:00;0,6428200175099371
20.05.2025 03:15;0,0
20.05.2025 03:30;0,0
20.05.2025 03:45;0,0
20.05.2025 04:00;0,0
20.05.2025 04:15;1,2180248225185495
20.05.2025 04:30;0,0
20.05.2025 04:45;0,0
20.05.2025 05:00;2,2604902103000435
20.05.2025 05:15;2,3516979044154533
20.05.2025 05:30;0,47179327315055875
20.05.2025 05:45;5,086764865289645
20.05.2025 06:00;3,3616120173259296
20.05.2025 06:15;6,089567558655821
20.05.2025 06:30;7,843562676881906
20.05.2025 06:45;9,065408449637342
20.05.2025 07:00;11,394911209823464
20.05.2025 07:15;10,495800582363126
20.05.2025 07:30;9,64870590252035
20.05.2025 07:45;6,449417551355543
20.05.2025 08:00;6,412346677407002
20.05.2025 08:15;4,345510800785762
20.05.2025 08:30;2,3101353387572434
20.05.2025 08:45;4,468416136624954
20.05.2025 09:00;4,79712568135159
20.05.2025 09:15;1,3175104942474327
20.05.2025 09:30;2,6492764485926807
20.05.2025 09:45;0,6072328887797829
20.05.2025 10:00;2,205096175889012
20.05.2025 10:15;5,398399771659399
20.05.2025 10:30;5,074395721690254
20.05.2025 10:45;0,0
20.05.2025 11:00;3,377257654984364
20.05.2025 11:15;5,262166294531053
20.05.2025 11:30;5,003198716433418
20.05.2025 11:45;7,244075868350745
20.05.2025 12:00;9,614959272795703
20.05.2025 12:15;7,27407674941115
20.05.2025 12:30;7,901373640855686
20.05.2025 12:45;8,509322607185908
20.05.2025 13:00;2,7597244272226105
20.05.2025 13:15;3,5011852759377247
20.05.2025 13:30;2,036021747959178
20.05.2025 13:45;2,772431516545394
20.05.2025 14:00;3,119396050041134
20.05.2025 14:15;1,3649228432952112
20.05.2025 14:30;1,7176762307634965
20.05.2025 14:45;0,45526093944338863
20.05.2025 15:00;5,057500192935202
20.05.2025 15:15;5,209607419408089
20.05.2025 15:30;10,895664760916889
20.05.2025 15:45;14,851139571998743
20.05.2025 16:00;18,968420214789965
20.05.2025 16:15;25,687013031127226
20.05.2025 16:30;29,633769388169057
20.05.2025 16:45;31,650613429837296
20.05.2025 17:00;35,999201317992664
20.05.2025 17:15;34,89313587563336
20.05.2025 17:30;35,430244268286565
20.05.2025 17:45;37,51976126758716
20.05.2025 18:00;33,26122744931485
20.05.2025 18:15;29,84171817323744
20.05.2025 18:30;29,013879758877618
20.05.2025 18:45;26,38268845391095
20.05.2025 19:00;24,184607925026413
20.05.2025 19:15;21,22388278709815
20.05.2025 19:30;14,178853571427984
20.05.2025 19:45;14,212009156160475
20.05.2025 20:00;9,79016211429635
20.05.2025 20:15;9,105563022768747
20.05.2025 20:30;5,957992843688616
20.05.2025 20:45;2,788478820462235
20.05.2025 21:00;1,3694103998071778
20.05.2025 21:15;0,1961189472129442
20.05.2025 21:30;0,3384864430442678
20.05.2025 21:45;0,0
20.05.2025 22:00;0,0
20.05.2025 22:15;0,8052900322244892
20.05.2025 22:30;1,2197234515030726
20.05.2025 22:45;0,6380635722081333
20.05.2025 23:00;0,0
20.05.2025 23:15;0,0
20.05.2025 23:30;0,0
20.05.2025 23:45;0,9794344227254728
21.05.2025 00:00;0,0
21.05.2025 00:15;0,9724445605923728
21.05.2025 00:30;0,7005934732032153
21.05.2025 00:45;1,3614996796871268
21.05.2025 01:00;1,1694683868868923
21.05.2025 01:15;0,596921140509375
21.05.2025 01:30;0,0
21.05.2025 01:45;0,6711412134425979
21.05.2025 02:00;0,12702073123559418
21.05.2025 02:15;0,0
21.05.2025 02:30;1,4984466725079597
21.05.2025 02:45;0,0
21.05.2025 03:00;0,0
21.05.2025 03:15;1,2364617847196635
21.05.2025 03:30;0,0
21.05.2025 03:45;0,0
21.05.2025 04:00;0,0
21.05.2025 04:15;0,0
21.05.2025 04:30;0,0
21.05.2025 04:45;0,6831522745469983
21.05.2025 05:00;0,0
21.05.2025 05:15;0,0
21.05.2025 05:30;2,539775607650172
21.05.2025 05:45;2,2429168195060765
21.05.2025 06:00;3,65462865763881
21.05.2025 06:15;7,592515600393863
21.05.2025 06:30;7,490251102419507
21.05.2025 06:45;10,096388670521051
21.05.2025 07:00;11,251000243805441
21.05.2025 07:15;11,273596071159249
21.05.2025 07:30;8,484062348065057
21.05.2025 07:45;6,927193084790757
21.05.2025 08:00;4,1797995889959205
21.05.2025 08:15;4,088322304921594
21.05.2025 08:30;3,6855900648372244
21.05.2025 08:45;2,6799573381367816
21.05.2025 09:00;3,480277263204296
21.05.2025 09:15;2,387948279886644
21.05.2025 09:30;1,8138848195764308
21.05.2025 09:45;0,0
21.05.2025 10:00;2,862428385810893
21.05.2025 10:15;4,22880561483198
21.05.2025 10:30;3,130124150404334
21.05.2025 10:45;4,6586168268331605
21.05.2025 11:00;3,2357201153202912
21.05.2025 11:15;2,2191605450856304
21.05.2025 11:30;5,194670423740324
21.05.2025 11:45;6,627232567461994
21.05.2025 12:00;6,162515364328747
21.05.2025 12:15;8,551889689473162
21.05.2025 12:30;7,9428466078039115
21.05.2025 12:45;5,843631504249567
21.05.2025 13:00;4,918693909389741
21.05.2025 13:15;2,982245452818852
21.05.2025 13:30;1,7937471294838325
21.05.2025 13:45;1,0142121497006775
21.05.2025 14:00;2,945545957597765
21.05.2025 14:15;0,0
21.05.2025 14:30;1,6458770225839532
21.05.2025 14:45;1,2114175391924245
21.05.2025 15:00;5,419316030786791
21.05.2025 15:15;5,27361927389441
21.05.2025 15:30;9,467835735045647
21.05.2025 15:45;15,522759538920603
21.05.2025 16:00;19,667914807250106
21.05.2025 16:15;24,09443774545378
21.05.2025 16:30;27,38641693417808
21.05.2025 16:45;32,35313622227055
21.05.2025 17:00;33,190909945801366
21.05.2025 17:15;34,80657665562594
21.05.2025 17:30;36,12364631856161
21.05.2025 17:45;35,90700001776859
21.05.2025 18:00;33,82466800791856
21.05.2025 18:15;32,723563777116574
21.05.2025 18:30;27,59577076055591
21.05.2025 18:45;27,110601900124298
21.05.2025 19:00;21,82950231403382
21.05.2025 19:15;17,56511026541617
21.05.2025 19:30;16,13293067790388
21.05.2025 19:45;13,896697014060289
21.05.2025 20:00;12,053673964661794
21.05.2025 20:15;7,730840436116001
21.05.2025 20:30;6,021301228713906
21.05.2025 20:45;2,0568740988510505
21.05.2025 21:00;3,2102889713271336
21.05.2025 21:15;0,7411022464283975
21.05.2025 21:30;0,0
21.05.2025 21:45;2,3448176664989555
21.05.2025 22:00;1,1768977875711166
21.05.2025 22:15;0,0
21.05.2025 22:30;0,0
21.05.2025 22:45;3,0099514940047505
21.05.2025 23:00;2,176698465195353
21.05.2025 23:15;1,0152594433126167
21.05.2025 23:30;0,0
21.05.2025 23:45;1,4653652991780644
22.05.2025 00:00;0,0
22.05.2025 00:15;1,455869727598017
22.05.2025 00:30;0,0
22.05.2025 00:45;0,5377125008526703
22.05.2025 01:00;0,0
22.05.2025 01:15;0,0
22.05.2025 01:30;0,6844162997187505
22.05.2025 01:45;0,0
22.05.2025 02:00;2,609659837487528
22.05.2025 02:15;0,0
22.05.2025 02:30;0,0
22.05.2025 02:45;0,6876471447214865
22.05.2025 03:00;1,4211352502848276
22.05.2025 03:15;0,0
22.05.2025 03:30;0,0
22.05.2025 03:45;0,0
22.05.2025 04:00;0,0
22.05.2025 04:15;0,338997593218546
22.05.2025 04:30;0,0
22.05.2025 04:45;0,46841586979584826
22.05.2025 05:00;0,4013563703681606
22.05.2025 05:15;1,4972436050927391
22.05.2025 05:30;1,7433753627182653
22.05.2025 05:45;1,6765759031180942
22.05.2025 06:00;4,0394589028665076
22.05.2025 06:15;6,273920802006303
22.05.2025 06:30;8,340788117658155
22.05.2025 06:45;8,282686456865317
22.05.2025 07:00;9,644864712039292
22.05.2025 07:15;8,51703658222808
22.05.2025 07:30;7,268457062424216
22.05.2025 07:45;7,459606175780186
22.05.2025 08:00;3,09282031863066
22.05.2025 08:15;6,097875899869312
22.05.2025 08:30;2,591366495132436
22.05.2025 08:45;2,2098074051698635
22.05.2025 09:00;2,4390394471794963
22.05.2025 09:15;4,837509124862625
22.05.2025 09:30;1,9900452963568054
22.05.2025 09:45;3,06567741968046
22.05.2025 10:00;3,0364086262416627
22.05.2025 10:15;2,537771026121207
22.05.2025 10:30;0,5729846101626452
22.05.2025 10:45;1,2930762611789568
22.05.2025 11:00;2,980158313778398
22.05.2025 11:15;5,628598106883548
22.05.2025 11:30;3,8558378157217117
22.05.2025 11:45;7,945159711317373
22.05.2025 12:00;5,553376751609683
22.05.2025 12:15;8,756095424153125
22.05.2025 12:30;7,207525224995817
22.05.2025 12:45;7,563179025475385
22.05.2025 13:00;4,825177727528974
22.05.2025 13:15;0,8497827232944113
22.05.2025 13:30;1,7697848632158633
22.05.2025 13:45;0,19855427942225318
22.05.2025 14:00;2,0871373603058037
22.05.2025 14:15;2,695534558431702
22.05.2025 14:30;1,108571108237694
22.05.2025 14:45;2,4411462484680224
22.05.2025 15:00;2,379956492406526
22.05.2025 15:15;7,825881599805442
22.05.2025 15:30;9,80135115859192
22.05.2025 15:45;13,183245187349264
22.05.2025 16:00;17,66858455742883
22.05.2025 16:15;23,235470450143556
22.05.2025 16:30;26,503733965510335
22.05.2025 16:45;28,837482344592537
22.05.2025 17:00;31,961087993989324
22.05.2025 17:15;31,75160687943835
22.05.2025 17:30;32,566794633710614
22.05.2025 17:45;33,81627739733721
22.05.2025 18:00;32,008316824298106
22.05.2025 18:15;29,034083969191652
22.05.2025 18:30;23,76635300744535
22.05.2025 18:45;23,59409781063417
22.05.2025 19:00;20,63345660167624
22.05.2025 19:15;17,31390565965482
22.05.2025 19:30;15,40212052350414
22.05.2025 19:45;13,056926522333267
22.05.2025 20:00;8,933138373896158
22.05.2025 20:15;7,988525287879062
22.05.2025 20:30;5,812401647065838
22.05.2025 20:45;3,5253506711786313
22.05.2025 21:00;5,080472038987933
22.05.2025 21:15;0,09968586258745238
22.05.2025 21:30;0,0
22.05.2025 21:45;1,961592446094586
22.05.2025 22:00;0,0
22.05.2025 22:15;0,9898991840584411
22.05.2025 22:30;0,0
22.05.2025 22:45;0,6262059491521189
22.05.2025 23:00;0,0
22.05.2025 23:15;1,1003639210450467
22.05.2025 23:30;0,0
22.05.2025 23:45;0,0
23.05.2025 00:00;0,2827218370858359
23.05.2025 00:15;0,0
23.05.2025 00:30;0,0
23.05.2025 00:45;0,0
23.05.2025 01:00;3,155645873627989
23.05.2025 01:15;0,0
23.05.2025 01:30;0,2651548053230255
23.05.2025 01:45;0,0
23.05.2025 02:00;2,0200618846993637
23.05.2025 02:15;0,0
23.05.2025 02:30;0,11143377990823702
23.05.2025 02:45;0,7548174522461434
23.05.2025 03:00;0,0
23.05.2025 03:15;0,0
23.05.2025 03:30;0,0
23.05.2025 03:45;0,0
23.05.2025 04:00;0,0
23.05.2025 04:15;1,0237835812099538
23.05.2025 04:30;0,44324454160025056
23.05.2025 04:45;0,6069435650457305
23.05.2025 05:00;0,3633258011162143
23.05.2025 05:15;1,781881241818927
23.05.2025 05:30;2,9990409146553763
23.05.2025 05:45;3,4244141408212965
23.05.2025 06:00;7,372032355245596
23.05.2025 06:15;5,457406770826447
23.05.2025 06:30;6,866707254446528
23.05.2025 06:45;13,338670335836948
23.05.2025 07:00;9,667309308337899
23.05.2025 07:15;12,481460260187555
23.05.2025 07:30;7,999631227122957
23.05.2025 07:45;6,917097359706231
23.05.2025 08:00;5,518687043406127
23.05.2025 08:15;6,428854388876063
23.05.2025 08:30;4,366465631010056
23.05.2025 08:45;2,339466157571091
23.05.2025 09:00;2,6017557109834146
23.05.2025 09:15;4,782973231277202
23.05.2025 09:30;3,729914791184494
23.05.2025 09:45;2,443756839357641
23.05.2025 10:00;3,9120444858621966
23.05.2025 10:15;2,8244475906240956
23.05.2025 10:30;2,2238673992627063
23.05.2025 10:45;1,6528440426756206
23.05.2025 11:00;4,023486621185961
23.05.2025 11:15;4,019704430215938
23.05.2025 11:30;5,892203827943615
23.05.2025 11:45;10,793510129980119
23.05.2025 12:00;9,822298343119403
23.05.2025 12:15;9,85374209862487
23.05.2025 12:30;7,113448970458172
23.05.2025 12:45;7,421621715555446
23.05.2025 13:00;5,220554542226962
23.05.2025 13:15;5,272656748542977
23.05.2025 13:30;2,133621781378456
23.05.2025 13:45;1,7802855396304527
23.05.2025 14:00;1,3303762382045299
23.05.2025 14:15;1,4152565775826256
23.05.2025 14:30;2,108548812770154
23.05.2025 14:45;2,78756107308563
23.05.2025 15:00;4,501466219851184
23.05.2025 15:15;6,059277227393956
23.05.2025 15:30;11,75670506168004
23.05.2025 15:45;17,785708042285567
23.05.2025 16:00;19,934349315405736
23.05.2025 16:15;24,718738768153347
23.05.2025 16:30;33,01682946492622
23.05.2025 16:45;39,925842220199634
23.05.2025 17:00;39,883171461531056
23.05.2025 17:15;40,87739261623563
23.05.2025 17:30;41,48858608336838
23.05.2025 17:45;42,46715385656497
23.05.2025 18:00;35,596101337630856
23.05.2025 18:15;34,14597946178721
23.05.2025 18:30;32,57728606413447
23.05.2025 18:45;30,39523011877928
23.05.2025 19:00;24,382693924036303
23.05.2025 19:15;21,784801950953593
23.05.2025 19:30;17,383740521920217
23.05.2025 19:45;11,716505140580082
23.05.2025 20:00;12,528445387865277
23.05.2025 20:15;11,071641262164377
23.05.2025 20:30;7,322741560010116
23.05.2025 20:45;5,838067960479108
23.05.2025 21:00;2,627938189456861
23.05.2025 21:15;0,48052365296353755
23.05.2025 21:30;0,0
23.05.2025 21:45;0,0
23.05.2025 22:00;0,0
23.05.2025 22:15;0,0
23.05.2025 22:30;0,0
23.05.2025 22:45;0,0
23.05.2025 23:00;0,0
23.05.2025 23:15;0,0
23.05.2025 23:30;0,0
23.05.2025 23:45;0,0
24.05.2025 00:00;0,0
24.05.2025 00:15;0,0
24.05.2025 00:30;1,70763474560132
24.05.2025 00:45;0,0
24.05.2025 01:00;0,0
24.05.2025 01:15;0,0
24.05.2025 01:30;1,4289339493544606
24.05.2025 01:45;0,4635621342445454
24.05.2025 02:00;0,0
24.05.2025 02:15;0,0
24.05.2025 02:30;0,19755255748556275
24.05.2025 02:45;0,0
24.05.2025 03:00;0,418813342360886
24.05.2025 03:15;0,0
24.05.2025 03:30;0,5716031001414069
24.05.2025 03:45;0,5342947626353182
24.05.2025 04:00;0,0
24.05.2025 04:15;0,0
24.05.2025 04:30;0,0
24.05.2025 04:45;0,0
24.05.2025 05:00;0,08649815448270759
24.05.2025 05:15;0,34293074615076347
24.05.2025 05:30;1,0123177491149433
24.05.2025 05:45;2,387342387212625
24.05.2025 06:00;5,516469276479693
24.05.2025 06:15;5,921826033333357
24.05.2025 06:30;10,208804085502754
24.05.2025 06:45;10,429012049142104
24.05.2025 07:00;10,957447573653143
24.05.2025 07:15;10,387067549770036
24.05.2025 07:30;9,555259137294879
24.05.2025 07:45;8,139590124562856
24.05.2025 08:00;6,631767224306934
24.05.2025 08:15;1,5224570013490777
24.05.2025 08:30;3,3555723424773802
24.05.2025 08:45;4,394318842670954
24.05.2025 09:00;3,674345037555162
24.05.2025 09:15;5,649863651572975
24.05.2025 09:30;5,516354603875426
24.05.2025 09:45;4,356872031131822
24.05.2025 10:00;0,965930314132398
24.05.2025 10:15;0,7485132755234052
24.05.2025 10:30;3,522916893323181
24.05.2025 10:45;5,807768216741051
24.05.2025 11:00;1,9147346042511222
24.05.2025 11:15;6,025942928943868
24.05.2025 11:30;4,697518752590711
24.05.2025 11:45;3,9545525520224603
24.05.2025 12:00;8,80535398904745
24.05.2025 12:15;8,617188006833757
24.05.2025 12:30;7,473157154654625
24.05.2025 12:45;5,454294287973045
24.05.2025 13:00;7,882461884357953
24.05.2025 13:15;2,2733800943082643
24.05.2025 13:30;1,6794380453573128
24.05.2025 13:45;0,09353130730465531
24.05.2025 14:00;1,083388108605655
24.05.2025 14:15;1,5462034503351458
24.05.2025 14:30;2,268747952253828
24.05.2025 14:45;3,5235273816088952
24.05.2025 15:00;3,0940126785662128
24.05.2025 15:15;5,293412545127933
24.05.2025 15:30;7,36779586208167
24.05.2025 15:45;12,608924733000512
24.05.2025 16:00;17,549501190161507
24.05.2025 16:15;22,86467286394897
24.05.2025 16:30;30,200825991706445
24.05.2025 16:45;34,20059729661625
24.05.2025 17:00;33,37068535296463
24.05.2025 17:15;34,04470476110127
24.05.2025 17:30;36,74644356493753
24.05.2025 17:45;34,0940075258862
24.05.2025 18:00;32,786639338139516
24.05.2025 18:15;29,986558411263978
24.05.2025 18:30;26,935388513898896
24.05.2025 18:45;24,41977742276732
24.05.2025 19:00;21,438219767132267
24.05.2025 19:15;18,338774311923366
24.05.2025 19:30;15,90802990895712
24.05.2025 19:45;11,538374839077486
24.05.2025 20:00;12,020613033192094
24.05.2025 20:15;8,650974676036338
24.05.2025 20:30;7,195819114126264
24.05.2025 20:45;3,4177094175744154
24.05.2025 21:00;0,3357658694725499
24.05.2025 21:15;0,0
24.05.2025 21:30;0,052102674084482714
24.05.2025 21:45;0,6081626797131551
24.05.2025 22:00;0,0
24.05.2025 22:15;0,0
24.05.2025 22:30;0,0
24.05.2025 22:45;0,019827517393075374
24.05.2025 23:00;0,8143120258013781
24.05.2025 23:15;0,0
24.05.2025 23:30;0,29159179568383614
24.05.2025 23:45;0,24323148328345695
25.05.2025 00:00;0,0
25.05.2025 00:15;0,0
25.05.2025 00:30;0,0
25.05.2025 00:45;0,1548869337018652
25.05.2025 01:00;1,2395005290225587
25.05.2025 01:15;1,317562938440066
25.05.2025 01:30;0,0
25.05.2025 01:45;0,0
25.05.2025 02:00;0,0
25.05.2025 02:15;0,12010274212328827
25.05.2025 02:30;0,657412712144254
25.05.2025 02:45;1,7280573041093867
25.05.2025 03:00;0,0
25.05.2025 03:15;0,0
25.05.2025 03:30;0,15855048206319058
25.05.2025 03:45;0,0
25.05.2025 04:00;0,18943336593643506
25.05.2025 04:15;0,6853027995775123
25.05.2025 04:30;0,0
25.05.2025 04:45;0,1458439070533188
25.05.2025 05:00;0,0
25.05.2025 05:15;2,1186862300229263
25.05.2025 05:30;1,8713587925242792
25.05.2025 05:45;2,4958829065076524
25.05.2025 06:00;3,759793016923908
25.05.2025 06:15;6,097147893256953
25.05.2025 06:30;9,849026559957416
25.05.2025 06:45;8,780291078957926
25.05.2025 07:00;11,052869204958155
25.05.2025 07:15;8,500300226188086
25.05.2025 07:30;9,8739826598377
25.05.2025 07:45;5,17746064690734
25.05.2025 08:00;7,095595736244691
25.05.2025 08:15;3,3658542980529362
25.05.2025 08:30;3,4433458436528266
25.05.2025 08:45;3,625960882333067
25.05.2025 09:00;2,998319606867575
25.05.2025 09:15;1,7552363961813686
25.05.2025 09:30;3,6529708875029083
25.05.2025 09:45;4,104013971032741
25.05.2025 10:00;0,6833000793447228
25.05.2025 10:15;1,6953952848735008
25.05.2025 10:30;0,5747960667896265
25.05.2025 10:45;1,6751472032628072
25.05.2025 11:00;3,8007586126012125
25.05.2025 11:15;3,0849146186991603
25.05.2025 11:30;5,281598589377242
25.05.2025 11:45;6,367903206057941
25.05.2025 12:00;6,7570370054764295
25.05.2025 12:15;8,215701931430097
25.05.2025 12:30;8,959620372996836
25.05.2025 12:45;5,670490867257463
25.05.2025 13:00;4,092161062498706
25.05.2025 13:15;1,6846095115352306
25.05.2025 13:30;1,4180171359627582
25.05.2025 13:45;3,071739857460381
25.05.2025 14:00;2,1152227912951593
25.05.2025 14:15;0,0
25.05.2025 14:30;1,049685485833774
25.05.2025 14:45;0,8617757818837373
25.05.2025 15:00;4,301431522136165
25.05.2025 15:15;5,407453559230645
25.05.2025 15:30;7,386250236007311
25.05.2025 15:45;14,418907012164906
25.05.2025 16:00;18,048670225634524
25.05.2025 16:15;23,200371501578115
25.05.2025 16:30;26,029932004423426
25.05.2025 16:45;32,2663701183413
25.05.2025 17:00;32,55365779548074
25.05.2025 17:15;34,25718975127978
25.05.2025 17:30;33,983484102840144
25.05.2025 17:45;35,4939780233113
25.05.2025 18:00;32,3687880957358
25.05.2025 18:15;30,474052365129605
25.05.2025 18:30;25,239297067256025
25.05.2025 18:45;25,909203360647833
25.05.2025 19:00;21,56503178978807
25.05.2025 19:15;20,19478699819689
25.05.2025 19:30;17,01749619932929
25.05.2025 19:45;12,521132924231228
25.05.2025 20:00;8,360566076515228
25.05.2025 20:15;9,77287451580428
25.05.2025 20:30;5,690672953697246
25.05.2025 20:45;2,572566536142588
25.05.2025 21:00;1,6313817170201277
25.05.2025 21:15;0,053426181573777876
25.05.2025 21:30;1,385831520119845
25.05.2025 21:45;0,0
25.05.2025 22:00;0,0
25.05.2025 22:15;0,20957548066275006
25.05.2025 22:30;1,3951221400982798
25.05.2025 22:45;0,784445537256859
25.05.2025 23:00;1,7809190856771044
25.05.2025 23:15;0,38037219086660545
25.05.2025 23:30;0,0
25.05.2025 23:45;0,9411121809894146
26.05.2025 00:00;0,0
26.05.2025 00:15;0,0
26.05.2025 00:30;1,0738899540394633
26.05.2025 00:45;0,23162350857127287
26.05.2025 01:00;1,0604041925889474
26.05.2025 01:15;0,0
26.05.2025 01:30;1,4132621845185473
26.05.2025 01:45;0,73739476493419
26.05.2025 02:00;0,0
26.05.2025 02:15;0,22808270847128476
26.05.2025 02:30;0,3816206833303631
26.05.2025 02:45;0,0
26.05.2025 03:00;0,0
26.05.2025 03:15;0,3642345821896925
26.05.2025 03:30;0,0
26.05.2025 03:45;0,0
26.05.2025 04:00;0,3243776409927905
26.05.2025 04:15;0,9196375913200199
26.05.2025 04:30;1,175388091816175
26.05.2025 04:45;0,5855416198923609
26.05.2025 05:00;0,9001379759422939
26.05.2025 05:15;1,6992710436360805
26.05.2025 05:30;2,5629641088463093
26.05.2025 05:45;0,2620958146014547
26.05.2025 06:00;4,942293701894123
26.05.2025 06:15;5,856347166321935
26.05.2025 06:30;7,131016780989385
26.05.2025 06:45;8,290523791889779
26.05.2025 07:00;12,872734673874968
26.05.2025 07:15;9,966003056793491
26.05.2025 07:30;7,9780704266606755
26.05.2025 07:45;6,044828837569602
26.05.2025 08:00;4,841617116340048
26.05.2025 08:15;4,5812755360208515
26.05.2025 08:30;5,546311853750784
26.05.2025 08:45;1,4534945820481517
26.05.2025 09:00;4,038642276611301
26.05.2025 09:15;1,0452336758763998
26.05.2025 09:30;3,533177447135877
26.05.2025 09:45;1,9979486016813606
26.05.2025 10:00;0,0
26.05.2025 10:15;3,284465655455782
26.05.2025 10:30;2,4755209285322026
26.05.2025 10:45;0,546902537457856
26.05.2025 11:00;4,446970880244777
26.05.2025 11:15;5,66177762216119
26.05.2025 11:30;7,492764813938899
26.05.2025 11:45;7,4547219935245455
26.05.2025 12:00;7,390971846686921
26.05.2025 12:15;7,269183446396476
26.05.2025 12:30;9,233426026402356
26.05.2025 12:45;7,723970472540601
26.05.2025 13:00;4,21273722014956
26.05.2025 13:15;0,017085801682221735
26.05.2025 13:30;3,095105521203771
26.05.2025 13:45;0,0
26.05.2025 14:00;2,16415032320719
26.05.2025 14:15;4,507339855721222
26.05.2025 14:30;1,5043519406349275
26.05.2025 14:45;3,5279896798129813
26.05.2025 15:00;3,5393122618848594
26.05.2025 15:15;6,192854922497491
26.05.2025 15:30;9,424859461272055
26.05.2025 15:45;12,256477667810557
26.05.2025 16:00;16,58749090944146
26.05.2025 16:15;25,68917850485291
26.05.2025 16:30;28,781851280541908
26.05.2025 16:45;31,0017474526259
26.05.2025 17:00;34,2418125545758
26.05.2025 17:15;35,39267274765901
26.05.2025 17:30;33,78662892510578
26.05.2025 17:45;34,136970736585795
26.05.2025 18:00;33,36513639068455
26.05.2025 18:15;31,400726685313202
26.05.2025 18:30;31,22765559127411
26.05.2025 18:45;25,130371279826495
26.05.2025 19:00;21,216956022581847
26.05.2025 19:15;16,657271171345386
26.05.2025 19:30;16,13168612126999
26.05.2025 19:45;12,312838769354846
26.05.2025 20:00;7,4943299538259645
26.05.2025 20:15;5,883846351916116
26.05.2025 20:30;5,7246250656001845
26.05.2025 20:45;4,474645452302992
26.05.2025 21:00;1,806182194569613
26.05.2025 21:15;0,0
26.05.2025 21:30;1,1554509775438282
26.05.2025 21:45;0,5629946200124356
26.05.2025 22:00;0,0
26.05.2025 22:15;0,0
26.05.2025 22:30;0,0
26.05.2025 22:45;0,4770902235267781
26.05.2025 23:00;0,0
26.05.2025 23:15;0,21113187498737498
26.05.2025 23:30;0,753990777725025
26.05.2025 23:45;0,17021287289038167
27.05.2025 00:00;0,7146425362912704
27.05.2025 00:15;0,0
27.05.2025 00:30;0,0
27.05.2025 00:45;0,5250967505006243
27.05.2025 01:00;0,7506493076919806
27.05.2025 01:15;0,570871175410368
27.05.2025 01:30;0,14474479659382578
27.05.2025 01:45;0,0
27.05.2025 02:00;0,23208460794044838
27.05.2025 02:15;0,41722993253205637
27.05.2025 02:30;0,48322719238458733
27.05.2025 02:45;2,867853512291539
27.05.2025 03:00;0,0
27.05.2025 03:15;3,5485924365627164
27.05.2025 03:30;0,0
27.05.2025 03:45;0,424235599051663
27.05.2025 04:00;0,0
27.05.2025 04:15;0,33686815513706153
27.05.2025 04:30;1,080335107339126
27.05.2025 04:45;0,03584094782732526
27.05.2025 05:00;1,0703884718617331
27.05.2025 05:15;0,21459496867559302
27.05.2025 05:30;0,0
27.05.2025 05:45;4,192451473954369
27.05.2025 06:00;5,350143127705908
27.05.2025 06:15;7,3817530711697605
27.05.2025 06:30;9,19664685388545
27.05.2025 06:45;10,40548123382868
27.05.2025 07:00;9,902772655809704
27.05.2025 07:15;11,643692306581228
27.05.2025 07:30;10,431632360119565
27.05.2025 07:45;10,253286113964641
27.05.2025 08:00;7,233973579630269
27.05.2025 08:15;4,172556481807807
27.05.2025 08:30;3,893870718961124
27.05.2025 08:45;4,6337527479486065
27.05.2025 09:00;3,0941946385338803
27.05.2025 09:15;5,282780299199228
27.05.2025 09:30;2,0347801491965796
27.05.2025 09:45;3,0850955706425847
27.05.2025 10:00;3,0428157292917075
27.05.2025 10:15;3,285819965935315
27.05.2025 10:30;0,9082683126604938
27.05.2025 10:45;4,878204774882262
27.05.2025 11:00;2,0588612284100125
27.05.2025 11:15;3,57280663552678
27.05.2025 11:30;6,767633382524496
27.05.2025 11:45;6,631355954459753
27.05.2025 12:00;6,052388940065406
27.05.2025 12:15;7,851150576991711
27.05.2025 12:30;9,988737794852629
27.05.2025 12:45;7,432322476876269
27.05.2025 13:00;4,014361121921486
27.05.2025 13:15;2,6077906315009605
27.05.2025 13:30;2,0261611447777472
27.05.2025 13:45;2,6913788003107753
27.05.2025 14:00;1,2123071080892047
27.05.2025 14:15;1,5215158480389475
27.05.2025 14:30;2,262831232420793
27.05.2025 14:45;4,608264099516601
27.05.2025 15:00;2,0263183546535815
27.05.2025 15:15;6,031137706476519
27.05.2025 15:30;10,479467681895494
27.05.2025 15:45;15,45483421496809
27.05.2025 16:00;20,318150735465935
27.05.2025 16:15;25,78976697598537
27.05.2025 16:30;30,75716045429013
27.05.2025 16:45;35,24813099268738
27.05.2025 17:00;37,26013926947747
27.05.2025 17:15;38,08252107453018
27.05.2025 17:30;37,59389304032367
27.05.2025 17:45;38,13618027806096
27.05.2025 18:00;34,178129515643114
27.05.2025 18:15;34,15876627613045
27.05.2025 18:30;29,63774557568917
27.05.2025 18:45;27,320320069280775
27.05.2025 19:00;23,979467824127713
27.05.2025 19:15;18,894016250618243
27.05.2025 19:30;16,927310079056962
27.05.2025 19:45;17,040171684236523
27.05.2025 20:00;8,274746372312729
27.05.2025 20:15;7,016943681100358
27.05.2025 20:30;5,438690457581303
27.05.2025 20:45;3,1848294988573143
27.05.2025 21:00;2,389287492172357
27.05.2025 21:15;0,6568836610471153
27.05.2025 21:30;0,2815833928933796
27.05.2025 21:45;0,12961094880611296
27.05.2025 22:00;0,0
27.05.2025 22:15;0,0
27.05.2025 22:30;0,19370167211300343
27.05.2025 22:45;0,0
27.05.2025 23:00;0,0
27.05.2025 23:15;0,5381258146249214
27.05.2025 23:30;1,3086562892792724
27.05.2025 23:45;2,584357737810021
28.05.2025 00:00;0,0
28.05.2025 00:15;0,0
28.05.2025 00:30;0,5745119059462072
28.05.2025 00:45;2,056965696311516
28.05.2025 01:00;1,686019272036998
28.05.2025 01:15;0,0
28.05.2025 01:30;0,0
28.05.2025 01:45;0,9354040114599663
28.05.2025 02:00;1,0116822676799975
28.05.2025 02:15;0,6510481162302817
28.05.2025 02:30;0,0
28.05.2025 02:45;0,641261739698061
28.05.2025 03:00;1,0222858853646921
28.05.2025 03:15;0,0
28.05.2025 03:30;1,4632594890216077
28.05.2025 03:45;1,0911554653611362
28.05.2025 04:00;0,0
28.05.2025 04:15;1,0174008111953923
28.05.2025 04:30;0,8944250210328949
28.05.2025 04:45;0,9362679180510726
28.05.2025 05:00;1,7335703598847487
28.05.2025 05:15;0,6616843619247801
28.05.2025 05:30;2,17437455341664
28.05.2025 05:45;1,8696318028090992
28.05.2025 06:00;5,610176131323932
28.05.2025 06:15;7,360254261130549
28.05.2025 06:30;9,313166227604313
28.05.2025 06:45;10,234409157294108
28.05.2025 07:00;11,565884227884878
28.05.2025 07:15;11,757876144077374
28.05.2025 07:30;8,429564321634233
28.05.2025 07:45;8,008707006068937
28.05.2025 08:00;6,033856009529649
28.05.2025 08:15;4,439122482766346
28.05.2025 08:30;5,826181280585534
28.05.2025 08:45;2,5996156341182646
28.05.2025 09:00;2,2765611348239343
28.05.2025 09:15;2,9874366465050657
28.05.2025 09:30;1,4006613260336092
28.05.2025 09:45;4,701574110034024
28.05.2025 10:00;3,4247530929887327
28.05.2025 10:15;4,057710833630922
28.05.2025 10:30;2,7790738208930947
28.05.2025 10:45;3,7717871053857435
28.05.2025 11:00;2,9078022853820493
28.05.2025 11:15;4,85939878371569
28.05.2025 11:30;5,222033232122829
28.05.2025 11:45;6,659638553823875
28.05.2025 12:00;8,700049483614043
28.05.2025 12:15;9,087834413639664
28.05.2025 12:30;7,443084858314071
28.05.2025 12:45;9,46481125293609
28.05.2025 13:00;3,6422046696845665
28.05.2025 13:15;4,800942884423646
28.05.2025 13:30;4,212962379434958
28.05.2025 13:45;1,6762983665792606
28.05.2025 14:00;2,246085393932622
28.05.2025 14:15;1,838846657319663
28.05.2025 14:30;2,50845188842929
28.05.2025 14:45;1,3418906645199051
28.05.2025 15:00;3,673072623318058
28.05.2025 15:15;5,7153965359377406
28.05.2025 15:30;11,148773192386495
28.05.2025 15:45;14,454198896171787
28.05.2025 16:00;19,24505910320448
28.05.2025 16:15;26,202260176451283
28.05.2025 16:30;28,807857721064842
28.05.2025 16:45;33,10532826565768
28.05.2025 17:00;33,600587053826544
28.05.2025 17:15;38,37592573910636
28.05.2025 17:30;41,01469538708946
28.05.2025 17:45;37,50949473732851
28.05.2025 18:00;36,97197773558694
28.05.2025 18:15;34,662355624127386
28.05.2025 18:30;29,82733263106244
28.05.2025 18:45;27,783758524744105
28.05.2025 19:00;22,785724284666234
28.05.2025 19:15;21,33207116137306
28.05.2025 19:30;17,753518963931224
28.05.2025 19:45;14,969362580367541
28.05.2025 20:00;11,944513498697166
28.05.2025 20:15;8,250280908462683
28.05.2025 20:30;7,2102041540086415
28.05.2025 20:45;3,2364998489190007
28.05.2025 21:00;1,7922392995016136
28.05.2025 21:15;0,0
28.05.2025 21:30;0,0
28.05.2025 21:45;2,374018301572954
28.05.2025 22:00;0,0
28.05.2025 22:15;0,4814835964115126
28.05.2025 22:30;0,0
28.05.2025 22:45;0,0
28.05.2025 23:00;0,614867465615526
28.05.2025 23:15;0,0
28.05.2025 23:30;0,35094533797547334
28.05.2025 23:45;1,088690858829059
29.05.2025 00:00;0,25805822260689704
29.05.2025 00:15;0,36112873049494576
29.05.2025 00:30;0,0
29.05.2025 00:45;0,7775078969437555
29.05.2025 01:00;0,0
29.05.2025 01:15;0,0
29.05.2025 01:30;0,9099688715831228
29.05.2025 01:45;1,246281138225765
29.05.2025 02:00;1,6292347011143198
29.05.2025 02:15;2,387905302646846
29.05.2025 02:30;0,8508880023905341
29.05.2025 02:45;0,5653693295453939
29.05.2025 03:00;1,2007025161505738
29.05.2025 03:15;0,0
29.05.2025 03:30;0,0
29.05.2025 03:45;0,0
29.05.2025 04:00;1,4049685950883173
29.05.2025 04:15;0,0
29.05.2025 04:30;0,5121716464250312
29.05.2025 04:45;0,6306270329870329
29.05.2025 05:00;0,2686916511861073
29.05.2025 05:15;0,0
29.05.2025 05:30;1,6193296199626313
29.05.2025 05:45;3,0939560408622735
29.05.2025 06:00;7,120564347749382
29.05.2025 06:15;9,663742568210843
29.05.2025 06:30;9,74234095448582
29.05.2025 06:45;11,008364070304227
29.05.2025 07:00;13,0744430342081
29.05.2025 07:15;8,333080031470155
29.05.2025 07:30;10,144220546346641
29.05.2025 07:45;10,07044246430997
29.05.2025 08:00;4,17728507458952
29.05.2025 08:15;4,9410816414043826
29.05.2025 08:30;2,712107832527222
29.05.2025 08:45;3,1486081171053
29.05.2025 09:00;2,96599526725621
29.05.2025 09:15;2,676159942887417
29.05.2025 09:30;2,1066833348394143
29.05.2025 09:45;4,284881133603332
29.05.2025 10:00;3,1747177541248015
29.05.2025 10:15;3,778792145817437
29.05.2025 10:30;4,283994386580867
29.05.2025 10:45;1,124601757444886
29.05.2025 11:00;1,7772672625949142
29.05.2025 11:15;4,882742887432793
29.05.2025 11:30;4,600943083959288
29.05.2025 11:45;8,466588864739204
29.05.2025 12:00;10,97397937259607
29.05.2025 12:15;7,436694590491293
29.05.2025 12:30;9,354558258076867
29.05.2025 12:45;8,036656969608721
29.05.2025 13:00;4,939516999928015
29.05.2025 13:15;2,3166115574587556
29.05.2025 13:30;2,8222328732499324
29.05.2025 13:45;1,480654942201595
29.05.2025 14:00;1,4778031185456952
29.05.2025 14:15;2,005247164675549
29.05.2025 14:30;0,8521797953675451
29.05.2025 14:45;2,477331579359689
29.05.2025 15:00;3,5455779714423183
29.05.2025 15:15;4,446128902892557
29.05.2025 15:30;11,84880841376455
29.05.2025 15:45;14,666085102831198
29.05.2025 16:00;20,39675117644129
29.05.2025 16:15;27,6409151865882
29.05.2025 16:30;31,829486510010668
29.05.2025 16:45;35,13473502395718
29.05.2025 17:00;38,79407500131189
29.05.2025 17:15;36,150526907583924
29.05.2025 17:30;37,75712377240141
29.05.2025 17:45;39,86157818723409
29.05.2025 18:00;35,40256110270314
29.05.2025 18:15;33,95811772237852
29.05.2025 18:30;29,849848722146767
29.05.2025 18:45;24,86327860926388
29.05.2025 19:00;22,872131421953988
29.05.2025 19:15;18,96404504459365
29.05.2025 19:30;18,14621700878341
29.05.2025 19:45;14,10171111718719
29.05.2025 20:00;12,071374496737771
29.05.2025 20:15;8,790022499413421
29.05.2025 20:30;5,125248310550845
29.05.2025 20:45;4,911661814341297
29.05.2025 21:00;0,37838327070903865
29.05.2025 21:15;0,0
29.05.2025 21:30;0,0
29.05.2025 21:45;0,0
29.05.2025 22:00;0,22204441910171793
29.05.2025 22:15;1,3585252566631023
29.05.2025 22:30;0,0
29.05.2025 22:45;0,0
29.05.2025 23:00;0,0
29.05.2025 23:15;0,0
29.05.2025 23:30;0,07908127549624223
29.05.2025 23:45;0,8437853238678225
30.05.2025 00:00;0,0
30.05.2025 00:15;0,6056070019169751
30.05.2025 00:30;0,0
30.05.2025 00:45;0,0
30.05.2025 01:00;0,07423646460092158
30.05.2025 01:15;0,6898609349473248
30.05.2025 01:30;0,0
30.05.2025 01:45;0,0
30.05.2025 02:00;0,0
30.05.2025 02:15;0,0
30.05.2025 02:30;0,6644357224503891
30.05.2025 02:45;1,182893614432858
30.05.2025 03:00;1,112608189973254
30.05.2025 03:15;0,0
30.05.2025 03:30;1,2349267530184602
30.05.2025 03:45;0,0
30.05.2025 04:00;1,9611529656672704
30.05.2025 04:15;0,0
30.05.2025 04:30;0,0
30.05.2025 04:45;1,5019800504441716
30.05.2025 05:00;0,0
30.05.2025 05:15;0,8190820181045435
30.05.2025 05:30;1,4716636994292034
30.05.2025 05:45;5,695769861414929
30.05.2025 06:00;7,549658866943365
30.05.2025 06:15;8,051565111476098
30.05.2025 06:30;8,598415477911407
30.05.2025 06:45;10,947725880430522
30.05.2025 07:00;11,668681689123996
30.05.2025 07:15;12,718062895545323
30.05.2025 07:30;9,407128962577
30.05.2025 07:45;8,505051068922597
30.05.2025 08:00;5,11244526519851
30.05.2025 08:15;3,8352419304045875
30.05.2025 08:30;4,4195243791402055
30.05.2025 08:45;5,160366465294605
30.05.2025 09:00;4,0703172394788725
30.05.2025 09:15;3,2547946812280792
30.05.2025 09:30;0,34936294808179325
30.05.2025 09:45;2,1696935785462887
30.05.2025 10:00;5,138349076306521
30.05.2025 10:15;2,3531093244039822
30.05.2025 10:30;4,531921006540729
30.05.2025 10:45;5,208372270848324
30.05.2025 11:00;6,677657667120433
30.05.2025 11:15;4,434089132329773
30.05.2025 11:30;3,764985110729856
30.05.2025 11:45;6,372309171002356
30.05.2025 12:00;8,048737132618252
30.05.2025 12:15;9,308355993255738
30.05.2025 12:30;6,740664689431624
30.05.2025 12:45;9,025949714863245
30.05.2025 13:00;4,174591392192765
30.05.2025 13:15;3,8096431827659507
30.05.2025 13:30;5,229039350058622
30.05.2025 13:45;0,4985594145147476
30.05.2025 14:00;0,426327540247437
30.05.2025 14:15;0,0
30.05.2025 14:30;1,7188913496492684
30.05.2025 14:45;1,3392992214488504
30.05.2025 15:00;3,738457997554873
30.05.2025 15:15;7,743301228489098
30.05.2025 15:30;11,485853637013973
30.05.2025 15:45;12,417132920374222
30.05.2025 16:00;21,905998518986046
30.05.2025 16:15;24,77302741604764
30.05.2025 16:30;30,397351717791405
30.05.2025 16:45;35,33022598795275
30.05.2025 17:00;36,36177677070317
30.05.2025 17:15;42,49787468655325
30.05.2025 17:30;39,25048619780288
30.05.2025 17:45;39,17900443507123
30.05.2025 18:00;36,833541359227176
30.05.2025 18:15;34,652120624272776
30.05.2025 18:30;30,787365385987012
30.05.2025 18:45;27,81550866477172
30.05.2025 19:00;23,35904306353336
30.05.2025 19:15;21,212935180894334
30.05.2025 19:30;17,282952439338438
30.05.2025 19:45;11,840529505999914
30.05.2025 20:00;12,653308070305005
30.05.2025 20:15;7,673264871956856
30.05.2025 20:30;7,941803596776629
30.05.2025 20:45;3,0880793917219154
30.05.2025 21:00;2,3948288350172424
30.05.2025 21:15;0,0
30.05.2025 21:30;1,0431266536608508
30.05.2025 21:45;1,3086937571335848
30.05.2025 22:00;0,028528021022167036
30.05.2025 22:15;0,0
30.05.2025 22:30;0,0
30.05.2025 22:45;0,8749743025890093
30.05.2025 23:00;0,0
30.05.2025 23:15;0,0
30.05.2025 23:30;0,03218976365463279
30.05.2025 23:45;0,0
31.05.2025 00:00;0,0
31.05.2025 00:15;0,0
31.05.2025 00:30;0,3701974900445715
31.05.2025 00:45;0,0
31.05.2025 01:00;0,561284432166016
31.05.2025 01:15;0,1611844371243983
31.05.2025 01:30;1,1522961629331903
31.05.2025 01:45;0,0
31.05.2025 02:00;0,2559896102555118
31.05.2025 02:15;0,7021020488613583
31.05.2025 02:30;0,0
31.05.2025 02:45;1,2399235811997356
31.05.2025 03:00;0,0
31.05.2025 03:15;0,0
31.05.2025 03:30;0,0
31.05.2025 03:45;0,0
31.05.2025 04:00;0,0
31.05.2025 04:15;0,9146507909288563
31.05.2025 04:30;0,0
31.05.2025 04:45;0,0
31.05.2025 05:00;0,0
31.05.2025 05:15;0,0
31.05.2025 05:30;2,179696125770103
31.05.2025 05:45;4,587406115343979
31.05.2025 06:00;6,347722680052718
31.05.2025 06:15;9,74492501316352
31.05.2025 06:30;7,633989026872218
31.05.2025 06:45;10,381475970512128
31.05.2025 07:00;13,225263974242997
31.05.2025 07:15;14,287983698325704
31.05.2025 07:30;10,52489793882654
31.05.2025 07:45;6,580313547018739
31.05.2025 08:00;7,635795260182496
31.05.2025 08:15;7,874187693823101
31.05.2025 08:30;3,6755542005578086
31.05.2025 08:45;3,098268760656324
31.05.2025 09:00;5,389479546941773
31.05.2025 09:15;5,745376295406553
31.05.2025 09:30;4,448901901202249
31.05.2025 09:45;0,20689060524736536
31.05.2025 10:00;3,882259349993471
31.05.2025 10:15;4,0669085560100084
31.05.2025 10:30;2,228408282607611
31.05.2025 10:45;4,7114412414757725
31.05.2025 11:00;4,310641114164071
31.05.2025 11:15;5,928460446819809
31.05.2025 11:30;5,3181600052545654
31.05.2025 11:45;9,472592009225787
31.05.2025 12:00;8,583448539904072
31.05.2025 12:15;10,094873237179856
31.05.2025 12:30;11,283262760616013
31.05.2025 12:45;6,913096883675173
31.05.2025 13:00;4,342873362781387
31.05.2025 13:15;5,43933424271258
31.05.2025 13:30;2,9439117623102704
31.05.2025 13:45;3,6582514620634226
31.05.2025 14:00;1,4737647863677594
31.05.2025 14:15;2,10174906393712
31.05.2025 14:30;1,8169887717629236
31.05.2025 14:45;2,187347678165389
31.05.2025 15:00;2,2713370561934667
31.05.2025 15:15;9,992329803486648
31.05.2025 15:30;10,945873712652254
31.05.2025 15:45;15,232211817295914
31.05.2025 16:00;23,20480607501343
31.05.2025 16:15;29,31863478979533
31.05.2025 16:30;35,63229901080762
31.05.2025 16:45;40,932674662451966
31.05.2025 17:00;42,006088010376175
31.05.2025 17:15;43,494517713699146
31.05.2025 17:30;44,51109533625683
31.05.2025 17:45;40,85046005801162
31.05.2025 18:00;42,157762826262484
31.05.2025 18:15;37,39129031618261
31.05.2025 18:30;35,54914253297774
31.05.2025 18:45;31,319177340628368
31.05.2025 19:00;25,613423561304103
31.05.2025 19:15;22,677703761770665
31.05.2025 19:30;20,25849721101803
31.05.2025 19:45;14,087125680386142
31.05.2025 20:00;13,957170315399338
31.05.2025 20:15;9,764236924252137
31.05.2025 20:30;5,944212209239822
31.05.2025 20:45;4,397963266115922
31.05.2025 21:00;1,314724363039796
31.05.2025 21:15;0,0
31.05.2025 21:30;0,7741884142314933
31.05.2025 21:45;0,0
31.05.2025 22:00;0,5982908110360595
31.05.2025 22:15;0,0
31.05.2025 22:30;0,6450992904673873
31.05.2025 22:45;0,0
31.05.2025 23:00;0,0
31.05.2025 23:15;0,469544057882811
31.05.2025 23:30;0,0
31.05.2025 23:45;1,6046650947207208
