timestamp;benchmark
01.05.2025 00:00;0,0
01.05.2025 00:15;0,0
01.05.2025 00:30;0,0
01.05.2025 00:45;0,0
01.05.2025 01:00;0,0
01.05.2025 01:15;0,0
01.05.2025 01:30;0,0
01.05.2025 01:45;0,0
01.05.2025 02:00;0,0
01.05.2025 02:15;0,0
01.05.2025 02:30;0,0
01.05.2025 02:45;0,0
01.05.2025 03:00;0,0
01.05.2025 03:15;0,0
01.05.2025 03:30;0,0
01.05.2025 03:45;0,0
01.05.2025 04:00;0,0
01.05.2025 04:15;0,0
01.05.2025 04:30;0,0
01.05.2025 04:45;0,0
01.05.2025 05:00;0,0
01.05.2025 05:15;0,706755463469539
01.05.2025 05:30;1,3117551928290916
01.05.2025 05:45;3,8967792371713563
01.05.2025 06:00;6,103261285238495
01.05.2025 06:15;8,794115086308874
01.05.2025 06:30;11,19362722267153
01.05.2025 06:45;10,866030829411937
01.05.2025 07:00;10,67351025041071
01.05.2025 07:15;9,693717258440396
01.05.2025 07:30;10,080503630352014
01.05.2025 07:45;7,303108687328843
01.05.2025 08:00;5,679414974771253
01.05.2025 08:15;4,413446615538997
01.05.2025 08:30;4,335431597151317
01.05.2025 08:45;4,978834409239017
01.05.2025 09:00;3,9666706483941474
01.05.2025 09:15;3,203944266501741
01.05.2025 09:30;2,106852949604291
01.05.2025 09:45;1,4045179331436837
01.05.2025 10:00;2,205463897972193
01.05.2025 10:15;2,5660876817542353
01.05.2025 10:30;3,907709853577143
01.05.2025 10:45;2,992708289141873
01.05.2025 11:00;4,221616677980881
01.05.2025 11:15;4,239492258945387
01.05.2025 11:30;5,100398494035553
01.05.2025 11:45;6,733190670950661
01.05.2025 12:00;8,248291637331828
01.05.2025 12:15;10,958900174045967
01.05.2025 12:30;8,496367417826843
01.05.2025 12:45;8,157494434105619
01.05.2025 13:00;4,908457248030759
01.05.2025 13:15;4,3301842578738166
01.05.2025 13:30;2,627595357324771
01.05.2025 13:45;1,4844677240120219
01.05.2025 14:00;1,2238086034036053
01.05.2025 14:15;0,7745385414414436
01.05.2025 14:30;1,858545117231851
01.05.2025 14:45;2,0216472514760504
01.05.2025 15:00;3,0356598636372962
01.05.2025 15:15;5,636988007762469
01.05.2025 15:30;10,552683451429568
01.05.2025 15:45;16,540334563335954
01.05.2025 16:00;21,149926268458433
01.05.2025 16:15;26,51094236594431
01.05.2025 16:30;31,736267032197997
01.05.2025 16:45;36,391473077106454
01.05.2025 17:00;38,35619090075248
01.05.2025 17:15;39,34907210288626
01.05.2025 17:30;40,593986535336214
01.05.2025 17:45;39,1861396591834
01.05.2025 18:00;38,11099518910223
01.05.2025 18:15;34,62578890966341
01.05.2025 18:30;30,63496362680484
01.05.2025 18:45;27,252921625041072
01.05.2025 19:00;25,959426687927074
01.05.2025 19:15;22,589871408332385
01.05.2025 19:30;17,904446218570445
01.05.2025 19:45;14,535810158826541
01.05.2025 20:00;12,77581809609483
01.05.2025 20:15;8,143989144943376
01.05.2025 20:30;5,718768678099092
01.05.2025 20:45;4,529588773271414
01.05.2025 21:00;1,9060985361836225
01.05.2025 21:15;0,7465996928650241
01.05.2025 21:30;1,81748396988458e-23
01.05.2025 21:45;0,0
01.05.2025 22:00;0,0
01.05.2025 22:15;0,0
01.05.2025 22:30;0,0
01.05.2025 22:45;0,0
01.05.2025 23:00;0,0
01.05.2025 23:15;0,0
01.05.2025 23:30;0,0
01.05.2025 23:45;0,0
02.05.2025 00:00;0,0
02.05.2025 00:15;0,0
02.05.2025 00:30;0,0
02.05.2025 00:45;0,0
02.05.2025 01:00;0,0
02.05.2025 01:15;0,0
02.05.2025 01:30;0,0
02.05.2025 01:45;0,0
02.05.2025 02:00;0,0
02.05.2025 02:15;0,0
02.05.2025 02:30;0,0
02.05.2025 02:45;0,0
02.05.2025 03:00;0,0
02.05.2025 03:15;0,0
02.05.2025 03:30;0,0
02.05.2025 03:45;0,0
02.05.2025 04:00;0,0
02.05.2025 04:15;0,0
02.05.2025 04:30;0,0
02.05.2025 04:45;0,0
02.05.2025 05:00;0,0
02.05.2025 05:15;0,6089628086210576
02.05.2025 05:30;1,3292932438113063
02.05.2025 05:45;3,389418057463647
02.05.2025 06:00;5,597350634894919
02.05.2025 06:15;5,862615926154296
02.05.2025 06:30;7,429406823733498
02.05.2025 06:45;7,609464942746095
02.05.2025 07:00;9,679599172356955
02.05.2025 07:15;8,894649427454766
02.05.2025 07:30;8,15360436331317
02.05.2025 07:45;6,169105335778738
02.05.2025 08:00;5,078098810453672
02.05.2025 08:15;2,941536335500784
02.05.2025 08:30;2,793529903811106
02.05.2025 08:45;5,137456267609436
02.05.2025 09:00;2,42189018905681
02.05.2025 09:15;2,0885489207320704
02.05.2025 09:30;3,7258168188967096
02.05.2025 09:45;4,253795756712831
02.05.2025 10:00;1,3735134143175265
02.05.2025 10:15;1,9856863683960824
02.05.2025 10:30;2,5397820614776445
02.05.2025 10:45;3,710126199428025
02.05.2025 11:00;2,3539466249682253
02.05.2025 11:15;3,7823320029862972
02.05.2025 11:30;5,653490043681432
02.05.2025 11:45;6,687968335759007
02.05.2025 12:00;7,281093458284962
02.05.2025 12:15;8,065088438165118
02.05.2025 12:30;6,853724076601118
02.05.2025 12:45;6,3563048598588665
02.05.2025 13:00;4,587403789296654
02.05.2025 13:15;3,331671423770623
02.05.2025 13:30;1,6431098895576692
02.05.2025 13:45;1,7036161070599403
02.05.2025 14:00;1,7879587769319212
02.05.2025 14:15;1,1710973947323513
02.05.2025 14:30;1,5785656852379228
02.05.2025 14:45;2,0535434935861647
02.05.2025 15:00;3,354893821902495
02.05.2025 15:15;5,122694053265868
02.05.2025 15:30;9,209975992199771
02.05.2025 15:45;13,23115716466962
02.05.2025 16:00;19,592163988023945
02.05.2025 16:15;24,01556868076934
02.05.2025 16:30;27,442667908208488
02.05.2025 16:45;30,034196852582888
02.05.2025 17:00;32,13789753909176
02.05.2025 17:15;34,986049738289935
02.05.2025 17:30;34,493734895611944
02.05.2025 17:45;33,841513757092194
02.05.2025 18:00;30,690146760519415
02.05.2025 18:15;30,373362859070664
02.05.2025 18:30;27,45267437635979
02.05.2025 18:45;23,529870140934204
02.05.2025 19:00;21,04164968471452
02.05.2025 19:15;18,60913271786821
02.05.2025 19:30;15,57203817928095
02.05.2025 19:45;12,55110927361677
02.05.2025 20:00;10,054147656037962
02.05.2025 20:15;7,50843970614206
02.05.2025 20:30;5,57391282676971
02.05.2025 20:45;4,544863530630261
02.05.2025 21:00;0,0836966938459549
02.05.2025 21:15;0,6432938539318408
02.05.2025 21:30;1,5660015382001574e-23
02.05.2025 21:45;0,0
02.05.2025 22:00;0,0
02.05.2025 22:15;0,0
02.05.2025 22:30;0,0
02.05.2025 22:45;0,0
02.05.2025 23:00;0,0
02.05.2025 23:15;0,0
02.05.2025 23:30;0,0
02.05.2025 23:45;0,0
03.05.2025 00:00;0,0
03.05.2025 00:15;0,0
03.05.2025 00:30;0,0
03.05.2025 00:45;0,0
03.05.2025 01:00;0,0
03.05.2025 01:15;0,0
03.05.2025 01:30;0,0
03.05.2025 01:45;0,0
03.05.2025 02:00;0,0
03.05.2025 02:15;0,0
03.05.2025 02:30;0,0
03.05.2025 02:45;0,0
03.05.2025 03:00;0,0
03.05.2025 03:15;0,0
03.05.2025 03:30;0,0
03.05.2025 03:45;0,0
03.05.2025 04:00;0,0
03.05.2025 04:15;0,0
03.05.2025 04:30;0,0
03.05.2025 04:45;0,0
03.05.2025 05:00;0,0
03.05.2025 05:15;0,7572446811707987
03.05.2025 05:30;2,1202882128123934
03.05.2025 05:45;3,1196149714757935
03.05.2025 06:00;5,547869880870587
03.05.2025 06:15;8,982647854690345
03.05.2025 06:30;10,254135421557846
03.05.2025 06:45;10,842217542517103
03.05.2025 07:00;11,468562776295787
03.05.2025 07:15;12,008213609840691
03.05.2025 07:30;9,7482574730602
03.05.2025 07:45;7,964741391265838
03.05.2025 08:00;6,615068514882016
03.05.2025 08:15;5,996529622465371
03.05.2025 08:30;5,176873415310646
03.05.2025 08:45;2,9311176423656633
03.05.2025 09:00;4,345311028451724
03.05.2025 09:15;3,602228411082892
03.05.2025 09:30;3,323832744062449
03.05.2025 09:45;3,8922240000505415
03.05.2025 10:00;1,2834852508824586
03.05.2025 10:15;2,375968801012309
03.05.2025 10:30;3,2745442314985453
03.05.2025 10:45;2,0016786391781443
03.05.2025 11:00;4,8193038490191675
03.05.2025 11:15;5,174677865802952
03.05.2025 11:30;6,946085372556953
03.05.2025 11:45;7,538379943592248
03.05.2025 12:00;9,951092272142358
03.05.2025 12:15;10,893346106685044
03.05.2025 12:30;9,882391226368021
03.05.2025 12:45;8,275457933442446
03.05.2025 13:00;6,1255493911550065
03.05.2025 13:15;3,336496476310055
03.05.2025 13:30;2,423319742777767
03.05.2025 13:45;1,6012288607621288
03.05.2025 14:00;1,6101829481326169
03.05.2025 14:15;2,02084212823505
03.05.2025 14:30;0,915783556474536
03.05.2025 14:45;2,419804048958134
03.05.2025 15:00;5,2087527433112815
03.05.2025 15:15;6,477633205186915
03.05.2025 15:30;10,601529270874869
03.05.2025 15:45;16,679228910324444
03.05.2025 16:00;23,131910190625383
03.05.2025 16:15;28,50180961967377
03.05.2025 16:30;34,719344331261894
03.05.2025 16:45;38,611454041915486
03.05.2025 17:00;41,52101731901865
03.05.2025 17:15;42,85617197417941
03.05.2025 17:30;44,293574259282764
03.05.2025 17:45;41,52033691334457
03.05.2025 18:00;38,279276824307516
03.05.2025 18:15;38,084938053836474
03.05.2025 18:30;33,42143534335485
03.05.2025 18:45;30,30146141473054
03.05.2025 19:00;27,492395579322505
03.05.2025 19:15;21,789304928878416
03.05.2025 19:30;18,44199212567819
03.05.2025 19:45;14,740718266679671
03.05.2025 20:00;12,036509069094986
03.05.2025 20:15;9,863816897498271
03.05.2025 20:30;7,165288921961613
03.05.2025 20:45;4,564066240254718
03.05.2025 21:00;1,3492867957663877
03.05.2025 21:15;0,7999353038042105
03.05.2025 21:30;1,9473214434763304e-23
03.05.2025 21:45;0,0
03.05.2025 22:00;0,0
03.05.2025 22:15;0,0
03.05.2025 22:30;0,0
03.05.2025 22:45;0,0
03.05.2025 23:00;0,0
03.05.2025 23:15;0,0
03.05.2025 23:30;0,0
03.05.2025 23:45;0,0
04.05.2025 00:00;0,0
04.05.2025 00:15;0,0
04.05.2025 00:30;0,0
04.05.2025 00:45;0,0
04.05.2025 01:00;0,0
04.05.2025 01:15;0,0
04.05.2025 01:30;0,0
04.05.2025 01:45;0,0
04.05.2025 02:00;0,0
04.05.2025 02:15;0,0
04.05.2025 02:30;0,0
04.05.2025 02:45;0,0
04.05.2025 03:00;0,0
04.05.2025 03:15;0,0
04.05.2025 03:30;0,0
04.05.2025 03:45;0,0
04.05.2025 04:00;0,0
04.05.2025 04:15;0,0
04.05.2025 04:30;0,0
04.05.2025 04:45;0,0
04.05.2025 05:00;0,0
04.05.2025 05:15;0,7795884507626948
04.05.2025 05:30;1,1947254172034172
04.05.2025 05:45;3,434583182311499
04.05.2025 06:00;5,834458158517427
04.05.2025 06:15;8,721131574931068
04.05.2025 06:30;11,30179798467142
04.05.2025 06:45;10,698295703615639
04.05.2025 07:00;12,812481265324692
04.05.2025 07:15;11,610530691103454
04.05.2025 07:30;11,244903812541185
04.05.2025 07:45;8,591654113633831
04.05.2025 08:00;5,303772003743871
04.05.2025 08:15;5,990694128933082
04.05.2025 08:30;4,4674184188128825
04.05.2025 08:45;4,295103482955047
04.05.2025 09:00;3,5053566984341824
04.05.2025 09:15;3,198608554684849
04.05.2025 09:30;3,4231593245614746
04.05.2025 09:45;2,709870479827918
04.05.2025 10:00;3,0383023280993973
04.05.2025 10:15;3,1254024718181057
04.05.2025 10:30;3,869788888496289
04.05.2025 10:45;2,9605745958286103
04.05.2025 11:00;2,8640554162206238
04.05.2025 11:15;5,808963161131119
04.05.2025 11:30;6,30890480453629
04.05.2025 11:45;8,952480366617635
04.05.2025 12:00;9,926637252913594
04.05.2025 12:15;10,352977197839252
04.05.2025 12:30;10,250306185076479
04.05.2025 12:45;9,716425841364728
04.05.2025 13:00;7,56535621361937
04.05.2025 13:15;4,105685970893681
04.05.2025 13:30;2,7132744885342586
04.05.2025 13:45;2,511759979240321
04.05.2025 14:00;0,7894367848700162
04.05.2025 14:15;1,5930917003305234
04.05.2025 14:30;1,6875402573594138
04.05.2025 14:45;2,8010285001187576
04.05.2025 15:00;3,7114696738392663
04.05.2025 15:15;6,091939680385507
04.05.2025 15:30;10,055815015385699
04.05.2025 15:45;16,243415647581113
04.05.2025 16:00;22,88487302177719
04.05.2025 16:15;29,129334784993798
04.05.2025 16:30;36,142136756480184
04.05.2025 16:45;39,90749228347789
04.05.2025 17:00;41,46603896851805
04.05.2025 17:15;43,964784208825826
04.05.2025 17:30;43,638141336099224
04.05.2025 17:45;42,69425987244582
04.05.2025 18:00;40,982346497604496
04.05.2025 18:15;38,48600417191713
04.05.2025 18:30;34,49995293024843
04.05.2025 18:45;31,8625081911736
04.05.2025 19:00;26,560514073255504
04.05.2025 19:15;23,591347942244344
04.05.2025 19:30;21,70653093610521
04.05.2025 19:45;16,485792031872528
04.05.2025 20:00;13,967214561232556
04.05.2025 20:15;9,902103248087363
04.05.2025 20:30;7,405498294074373
04.05.2025 20:45;4,459890127229808
04.05.2025 21:00;2,287930781685727
04.05.2025 21:15;0,8235387315483184
04.05.2025 21:30;2,0047804164295928e-23
04.05.2025 21:45;0,0
04.05.2025 22:00;0,0
04.05.2025 22:15;0,0
04.05.2025 22:30;0,0
04.05.2025 22:45;0,0
04.05.2025 23:00;0,0
04.05.2025 23:15;0,0
04.05.2025 23:30;0,0
04.05.2025 23:45;0,0
05.05.2025 00:00;0,0
05.05.2025 00:15;0,0
05.05.2025 00:30;0,0
05.05.2025 00:45;0,0
05.05.2025 01:00;0,0
05.05.2025 01:15;0,0
05.05.2025 01:30;0,0
05.05.2025 01:45;0,0
05.05.2025 02:00;0,0
05.05.2025 02:15;0,0
05.05.2025 02:30;0,0
05.05.2025 02:45;0,0
05.05.2025 03:00;0,0
05.05.2025 03:15;0,0
05.05.2025 03:30;0,0
05.05.2025 03:45;0,0
05.05.2025 04:00;0,0
05.05.2025 04:15;0,0
05.05.2025 04:30;0,0
05.05.2025 04:45;0,0
05.05.2025 05:00;0,0
05.05.2025 05:15;0,5525945147216488
05.05.2025 05:30;2,7217238288010686
05.05.2025 05:45;2,1961000058949365
05.05.2025 06:00;3,6918839881080037
05.05.2025 06:15;6,7181128999378
05.05.2025 06:30;7,023284266332012
05.05.2025 06:45;9,251742663949058
05.05.2025 07:00;8,57716380570675
05.05.2025 07:15;9,764704037435584
05.05.2025 07:30;7,827213231930398
05.05.2025 07:45;6,335812070401035
05.05.2025 08:00;5,763226151590733
05.05.2025 08:15;3,532533061769126
05.05.2025 08:30;2,808037268962699
05.05.2025 08:45;2,9954074224019034
05.05.2025 09:00;3,3321202078287118
05.05.2025 09:15;1,4958758088522952
05.05.2025 09:30;2,6603518738943217
05.05.2025 09:45;1,637592761999811
05.05.2025 10:00;2,794028657613639
05.05.2025 10:15;0,3598137745735943
05.05.2025 10:30;1,5371347860044926
05.05.2025 10:45;1,0880955697016248
05.05.2025 11:00;2,184550728612134
05.05.2025 11:15;3,7613904261011273
05.05.2025 11:30;4,510950697481093
05.05.2025 11:45;5,615370534597903
05.05.2025 12:00;6,73462997880512
05.05.2025 12:15;7,5459249134591095
05.05.2025 12:30;6,386678355411549
05.05.2025 12:45;6,414021015909307
05.05.2025 13:00;4,7958502010704205
05.05.2025 13:15;3,145328269689479
05.05.2025 13:30;2,2333363436482525
05.05.2025 13:45;1,4538908772434296
05.05.2025 14:00;0,9791753455385462
05.05.2025 14:15;0,9639659639241954
05.05.2025 14:30;0,9940510086636196
05.05.2025 14:45;1,3022245717246366
05.05.2025 15:00;2,321712518815345
05.05.2025 15:15;4,235721757336994
05.05.2025 15:30;7,534263009634255
05.05.2025 15:45;12,018743330203378
05.05.2025 16:00;16,683042362524333
05.05.2025 16:15;20,828978005395065
05.05.2025 16:30;24,121486742170053
05.05.2025 16:45;28,3689254819058
05.05.2025 17:00;30,387269533456195
05.05.2025 17:15;30,879212408840782
05.05.2025 17:30;30,67690116743034
05.05.2025 17:45;30,787903503830755
05.05.2025 18:00;29,08908196779469
05.05.2025 18:15;25,959067357199235
05.05.2025 18:30;24,575297077633888
05.05.2025 18:45;22,240617257312948
05.05.2025 19:00;18,763669940683695
05.05.2025 19:15;16,851964911377326
05.05.2025 19:30;13,078918469242472
05.05.2025 19:45;12,510241865148652
05.05.2025 20:00;10,062792476339062
05.05.2025 20:15;6,7967204129272165
05.05.2025 20:30;5,2154763568018705
05.05.2025 20:45;1,502526550263106
05.05.2025 21:00;0,8968600148765934
05.05.2025 21:15;0,583747726469272
05.05.2025 21:30;1,4210455019652374e-23
05.05.2025 21:45;0,0
05.05.2025 22:00;0,0
05.05.2025 22:15;0,0
05.05.2025 22:30;0,0
05.05.2025 22:45;0,0
05.05.2025 23:00;0,0
05.05.2025 23:15;0,0
05.05.2025 23:30;0,0
05.05.2025 23:45;0,0
06.05.2025 00:00;0,0
06.05.2025 00:15;0,0
06.05.2025 00:30;0,0
06.05.2025 00:45;0,0
06.05.2025 01:00;0,0
06.05.2025 01:15;0,0
06.05.2025 01:30;0,0
06.05.2025 01:45;0,0
06.05.2025 02:00;0,0
06.05.2025 02:15;0,0
06.05.2025 02:30;0,0
06.05.2025 02:45;0,0
06.05.2025 03:00;0,0
06.05.2025 03:15;0,0
06.05.2025 03:30;0,0
06.05.2025 03:45;0,0
06.05.2025 04:00;0,0
06.05.2025 04:15;0,0
06.05.2025 04:30;0,0
06.05.2025 04:45;0,0
06.05.2025 05:00;0,0
06.05.2025 05:15;0,6088636981966968
06.05.2025 05:30;0,8446602546881552
06.05.2025 05:45;3,6676529690121757
06.05.2025 06:00;4,92163066002272
06.05.2025 06:15;5,942153631905342
06.05.2025 06:30;8,901850844130449
06.05.2025 06:45;8,802627472295375
06.05.2025 07:00;9,814346774259636
06.05.2025 07:15;9,82501026203718
06.05.2025 07:30;8,089058468904488
06.05.2025 07:45;7,11159934837946
06.05.2025 08:00;4,769828741381624
06.05.2025 08:15;3,883120387820216
06.05.2025 08:30;4,7736896324893845
06.05.2025 08:45;2,9179794955563345
06.05.2025 09:00;1,6335989226265715
06.05.2025 09:15;3,9834898514231867
06.05.2025 09:30;4,224109802662396
06.05.2025 09:45;1,936198900650369
06.05.2025 10:00;0,8374664098028275
06.05.2025 10:15;2,0257567252283493
06.05.2025 10:30;2,0999626665907862
06.05.2025 10:45;2,3666842713776237
06.05.2025 11:00;2,264879409380729
06.05.2025 11:15;4,359075765852053
06.05.2025 11:30;5,475677341325083
06.05.2025 11:45;5,336509195530762
06.05.2025 12:00;8,032612547392812
06.05.2025 12:15;9,594316138622464
06.05.2025 12:30;7,93525127439794
06.05.2025 12:45;6,28583722613159
06.05.2025 13:00;4,673695820515566
06.05.2025 13:15;3,599316449351735
06.05.2025 13:30;0,8200381313249059
06.05.2025 13:45;1,4883890859713154
06.05.2025 14:00;0,8055573201320424
06.05.2025 14:15;2,355601482605728
06.05.2025 14:30;1,2101984441995355
06.05.2025 14:45;3,183527913865597
06.05.2025 15:00;2,5816702494204407
06.05.2025 15:15;6,037950155589069
06.05.2025 15:30;9,210547301203633
06.05.2025 15:45;12,688760218127532
06.05.2025 16:00;18,2481732401138
06.05.2025 16:15;23,759254080479543
06.05.2025 16:30;26,94149871471266
06.05.2025 16:45;29,378987961416218
06.05.2025 17:00;32,89893432328016
06.05.2025 17:15;33,514995129269806
06.05.2025 17:30;34,06458776197937
06.05.2025 17:45;33,442848834877246
06.05.2025 18:00;30,71220673633352
06.05.2025 18:15;28,588357393769797
06.05.2025 18:30;27,467610694595564
06.05.2025 18:45;23,93731247157972
06.05.2025 19:00;19,572917703086627
06.05.2025 19:15;18,97092285581782
06.05.2025 19:30;15,72344183312563
06.05.2025 19:45;12,253840712037128
06.05.2025 20:00;9,203160164788422
06.05.2025 20:15;8,268638671424752
06.05.2025 20:30;5,710774714955021
06.05.2025 20:45;5,1820687006279105
06.05.2025 21:00;2,17418358807208
06.05.2025 21:15;0,6431891560324793
06.05.2025 21:30;1,5657466670080208e-23
06.05.2025 21:45;0,0
06.05.2025 22:00;0,0
06.05.2025 22:15;0,0
06.05.2025 22:30;0,0
06.05.2025 22:45;0,0
06.05.2025 23:00;0,0
06.05.2025 23:15;0,0
06.05.2025 23:30;0,0
06.05.2025 23:45;0,0
07.05.2025 00:00;0,0
07.05.2025 00:15;0,0
07.05.2025 00:30;0,0
07.05.2025 00:45;0,0
07.05.2025 01:00;0,0
07.05.2025 01:15;0,0
07.05.2025 01:30;0,0
07.05.2025 01:45;0,0
07.05.2025 02:00;0,0
07.05.2025 02:15;0,0
07.05.2025 02:30;0,0
07.05.2025 02:45;0,0
07.05.2025 03:00;0,0
07.05.2025 03:15;0,0
07.05.2025 03:30;0,0
07.05.2025 03:45;0,0
07.05.2025 04:00;0,0
07.05.2025 04:15;0,0
07.05.2025 04:30;0,0
07.05.2025 04:45;0,0
07.05.2025 05:00;0,0
07.05.2025 05:15;0,7283452691097632
07.05.2025 05:30;2,575612879167259
07.05.2025 05:45;3,0650987877189197
07.05.2025 06:00;5,676632443733894
07.05.2025 06:15;7,474864107886011
07.05.2025 06:30;8,582431828897914
07.05.2025 06:45;9,804581208719192
07.05.2025 07:00;12,1934229602987
07.05.2025 07:15;11,282194950583284
07.05.2025 07:30;9,47972175635574
07.05.2025 07:45;8,045319384560361
07.05.2025 08:00;6,942153505455904
07.05.2025 08:15;3,393307585533154
07.05.2025 08:30;3,521786509726325
07.05.2025 08:45;3,7159257172721123
07.05.2025 09:00;4,9973765745862355
07.05.2025 09:15;3,6140650621481623
07.05.2025 09:30;3,4554381522814337
07.05.2025 09:45;1,8573987307941362
07.05.2025 10:00;1,839975269311957
07.05.2025 10:15;2,9967433896880085
07.05.2025 10:30;2,7925183547706163
07.05.2025 10:45;3,3742681539520203
07.05.2025 11:00;3,510275963014412
07.05.2025 11:15;4,923883492765894
07.05.2025 11:30;6,221686482076099
07.05.2025 11:45;8,17953107633578
07.05.2025 12:00;9,58833045145426
07.05.2025 12:15;8,624316955310155
07.05.2025 12:30;7,7753592836796654
07.05.2025 12:45;8,503037275448449
07.05.2025 13:00;6,541163967275255
07.05.2025 13:15;3,0760042852231657
07.05.2025 13:30;1,128280507256081
07.05.2025 13:45;1,7121352677914494
07.05.2025 14:00;1,9421854009439443
07.05.2025 14:15;2,5288681359143657
07.05.2025 14:30;1,9549387327544232
07.05.2025 14:45;2,151419934463698
07.05.2025 15:00;3,387332781213564
07.05.2025 15:15;6,739084348493709
07.05.2025 15:30;10,541057073938942
07.05.2025 15:45;15,195927134386336
07.05.2025 16:00;23,11472307516006
07.05.2025 16:15;28,655994227350533
07.05.2025 16:30;33,294783155548515
07.05.2025 16:45;35,916428235637106
07.05.2025 17:00;39,968141746284786
07.05.2025 17:15;41,29527322156569
07.05.2025 17:30;41,34576601150869
07.05.2025 17:45;40,94865685986203
07.05.2025 18:00;38,6120920859543
07.05.2025 18:15;36,06935733435714
07.05.2025 18:30;32,8999396313498
07.05.2025 18:45;29,310959072166625
07.05.2025 19:00;24,312949504203385
07.05.2025 19:15;22,095052522750255
07.05.2025 19:30;18,191554998453974
07.05.2025 19:45;14,360383109567614
07.05.2025 20:00;13,289100811101443
07.05.2025 20:15;10,401671041061572
07.05.2025 20:30;7,490360003080515
07.05.2025 20:45;4,382521718808958
07.05.2025 21:00;3,1944247881959544
07.05.2025 21:15;0,7694066509900842
07.05.2025 21:30;1,8730040580794452e-23
07.05.2025 21:45;0,0
07.05.2025 22:00;0,0
07.05.2025 22:15;0,0
07.05.2025 22:30;0,0
07.05.2025 22:45;0,0
07.05.2025 23:00;0,0
07.05.2025 23:15;0,0
07.05.2025 23:30;0,0
07.05.2025 23:45;0,0
08.05.2025 00:00;0,0
08.05.2025 00:15;0,0
08.05.2025 00:30;0,0
08.05.2025 00:45;0,0
08.05.2025 01:00;0,0
08.05.2025 01:15;0,0
08.05.2025 01:30;0,0
08.05.2025 01:45;0,0
08.05.2025 02:00;0,0
08.05.2025 02:15;0,0
08.05.2025 02:30;0,0
08.05.2025 02:45;0,0
08.05.2025 03:00;0,0
08.05.2025 03:15;0,0
08.05.2025 03:30;0,0
08.05.2025 03:45;0,0
08.05.2025 04:00;0,0
08.05.2025 04:15;0,0
08.05.2025 04:30;0,0
08.05.2025 04:45;0,0
08.05.2025 05:00;0,0
08.05.2025 05:15;0,6939315593308851
08.05.2025 05:30;1,1150157560408844
08.05.2025 05:45;3,38722086694137
08.05.2025 06:00;5,568537668833923
08.05.2025 06:15;7,12073926783471
08.05.2025 06:30;8,583301929333432
08.05.2025 06:45;10,561065688563538
08.05.2025 07:00;10,807179847739274
08.05.2025 07:15;10,543533460814748
08.05.2025 07:30;9,931614621572376
08.05.2025 07:45;7,447934104764839
08.05.2025 08:00;6,032710951906523
08.05.2025 08:15;4,94530184486244
08.05.2025 08:30;3,5559313451381507
08.05.2025 08:45;3,818979099065287
08.05.2025 09:00;4,79320097071329
08.05.2025 09:15;2,4413833393603572
08.05.2025 09:30;1,2987699555521446
08.05.2025 09:45;1,2267490573173767
08.05.2025 10:00;2,5200620404604424
08.05.2025 10:15;2,578133421987451
08.05.2025 10:30;2,5393819381992504
08.05.2025 10:45;3,6988017075861963
08.05.2025 11:00;1,5985968170807376
08.05.2025 11:15;4,782886628082586
08.05.2025 11:30;6,91527003563994
08.05.2025 11:45;6,484895515152878
08.05.2025 12:00;8,331210766164338
08.05.2025 12:15;8,770134861744687
08.05.2025 12:30;8,280698661389302
08.05.2025 12:45;7,20480278320337
08.05.2025 13:00;6,439214847009247
08.05.2025 13:15;4,8975159071725995
08.05.2025 13:30;2,080184540173283
08.05.2025 13:45;2,898731590999329
08.05.2025 14:00;1,2545224611241332
08.05.2025 14:15;2,4381031622736637
08.05.2025 14:30;1,452928386486919
08.05.2025 14:45;2,3894149791831283
08.05.2025 15:00;4,0787679064736135
08.05.2025 15:15;8,638228619531732
08.05.2025 15:30;10,838488060156815
08.05.2025 15:45;14,659821764297067
08.05.2025 16:00;21,33450254137177
08.05.2025 16:15;25,858165022095406
08.05.2025 16:30;30,621147214591698
08.05.2025 16:45;35,469566433568225
08.05.2025 17:00;37,531205855768064
08.05.2025 17:15;39,11252574323545
08.05.2025 17:30;39,10685752305815
08.05.2025 17:45;38,41604124625606
08.05.2025 18:00;36,661433624713545
08.05.2025 18:15;32,51569884388949
08.05.2025 18:30;31,387276550513906
08.05.2025 18:45;27,01134446886801
08.05.2025 19:00;23,344109302016047
08.05.2025 19:15;20,954422713319573
08.05.2025 19:30;17,761744462716607
08.05.2025 19:45;14,04997127869747
08.05.2025 20:00;12,121277596481304
08.05.2025 20:15;7,817566874741417
08.05.2025 20:30;5,945087094181078
08.05.2025 20:45;3,5958309523570575
08.05.2025 21:00;2,1101133345342857
08.05.2025 21:15;0,7330528249791389
08.05.2025 21:30;1,7845061700541797e-23
08.05.2025 21:45;0,0
08.05.2025 22:00;0,0
08.05.2025 22:15;0,0
08.05.2025 22:30;0,0
08.05.2025 22:45;0,0
08.05.2025 23:00;0,0
08.05.2025 23:15;0,0
08.05.2025 23:30;0,0
08.05.2025 23:45;0,0
09.05.2025 00:00;0,0
09.05.2025 00:15;0,0
09.05.2025 00:30;0,0
09.05.2025 00:45;0,0
09.05.2025 01:00;0,0
09.05.2025 01:15;0,0
09.05.2025 01:30;0,0
09.05.2025 01:45;0,0
09.05.2025 02:00;0,0
09.05.2025 02:15;0,0
09.05.2025 02:30;0,0
09.05.2025 02:45;0,0
09.05.2025 03:00;0,0
09.05.2025 03:15;0,0
09.05.2025 03:30;0,0
09.05.2025 03:45;0,0
09.05.2025 04:00;0,0
09.05.2025 04:15;0,0
09.05.2025 04:30;0,0
09.05.2025 04:45;0,0
09.05.2025 05:00;0,0
09.05.2025 05:15;0,7188042024106037
09.05.2025 05:30;3,1689360610237687
09.05.2025 05:45;3,3044651291070015
09.05.2025 06:00;7,052827718143306
09.05.2025 06:15;7,364695038764255
09.05.2025 06:30;8,416067707505405
09.05.2025 06:45;10,805186207992522
09.05.2025 07:00;10,806585595547242
09.05.2025 07:15;10,850621594463284
09.05.2025 07:30;10,339686186361785
09.05.2025 07:45;8,395279312751333
09.05.2025 08:00;5,636426802394197
09.05.2025 08:15;5,615642739479671
09.05.2025 08:30;5,319831051328044
09.05.2025 08:45;5,3102174957221635
09.05.2025 09:00;4,293075528712587
09.05.2025 09:15;4,325902545164458
09.05.2025 09:30;1,5635282707183635
09.05.2025 09:45;2,3981905256935407
09.05.2025 10:00;1,9823778059106463
09.05.2025 10:15;2,7315819484718924
09.05.2025 10:30;2,3156652232589083
09.05.2025 10:45;2,834670565856839
09.05.2025 11:00;4,911463796307353
09.05.2025 11:15;4,548428395308658
09.05.2025 11:30;6,320605754411263
09.05.2025 11:45;7,372488329901968
09.05.2025 12:00;8,95822026830352
09.05.2025 12:15;9,634609683594466
09.05.2025 12:30;9,539812749325062
09.05.2025 12:45;8,515329734652447
09.05.2025 13:00;6,788136400879788
09.05.2025 13:15;3,957521020961309
09.05.2025 13:30;2,811013801986693
09.05.2025 13:45;0,8156854921106785
09.05.2025 14:00;1,2121785347906282
09.05.2025 14:15;1,9121108119638073
09.05.2025 14:30;2,1788337913228517
09.05.2025 14:45;2,5281570405018194
09.05.2025 15:00;4,580437332912298
09.05.2025 15:15;6,986430512860751
09.05.2025 15:30;11,449928425869789
09.05.2025 15:45;15,900656858067997
09.05.2025 16:00;21,147597145730256
09.05.2025 16:15;27,28245134073389
09.05.2025 16:30;30,022400358602987
09.05.2025 16:45;36,350106988440565
09.05.2025 17:00;36,300010967286944
09.05.2025 17:15;39,106022020157944
09.05.2025 17:30;40,814665145620616
09.05.2025 17:45;39,883207837836764
09.05.2025 18:00;36,85365351911721
09.05.2025 18:15;34,58716580066317
09.05.2025 18:30;32,98834656802365
09.05.2025 18:45;28,352745719266917
09.05.2025 19:00;26,79667515695849
09.05.2025 19:15;21,746503243871675
09.05.2025 19:30;18,62311158188575
09.05.2025 19:45;16,188232067679685
09.05.2025 20:00;12,04488745920967
09.05.2025 20:15;8,36932974731169
09.05.2025 20:30;6,376439004785638
09.05.2025 20:45;4,123875563659592
09.05.2025 21:00;1,2642071061066844
09.05.2025 21:15;0,7593276946390032
09.05.2025 21:30;1,8484683640839643e-23
09.05.2025 21:45;0,0
09.05.2025 22:00;0,0
09.05.2025 22:15;0,0
09.05.2025 22:30;0,0
09.05.2025 22:45;0,0
09.05.2025 23:00;0,0
09.05.2025 23:15;0,0
09.05.2025 23:30;0,0
09.05.2025 23:45;0,0
10.05.2025 00:00;0,0
10.05.2025 00:15;0,0
10.05.2025 00:30;0,0
10.05.2025 00:45;0,0
10.05.2025 01:00;0,0
10.05.2025 01:15;0,0
10.05.2025 01:30;0,0
10.05.2025 01:45;0,0
10.05.2025 02:00;0,0
10.05.2025 02:15;0,0
10.05.2025 02:30;0,0
10.05.2025 02:45;0,0
10.05.2025 03:00;0,0
10.05.2025 03:15;0,0
10.05.2025 03:30;0,0
10.05.2025 03:45;0,0
10.05.2025 04:00;0,0
10.05.2025 04:15;0,0
10.05.2025 04:30;0,0
10.05.2025 04:45;0,0
10.05.2025 05:00;0,0
10.05.2025 05:15;0,6493400863998008
10.05.2025 05:30;2,434970910854148
10.05.2025 05:45;3,3370837277106222
10.05.2025 06:00;4,557916681892725
10.05.2025 06:15;6,505403535127574
10.05.2025 06:30;8,854014625288729
10.05.2025 06:45;9,718871321155326
10.05.2025 07:00;10,68096799832005
10.05.2025 07:15;10,74646506715534
10.05.2025 07:30;8,82702079515896
10.05.2025 07:45;7,7620222881649275
10.05.2025 08:00;5,750350807007552
10.05.2025 08:15;3,5841979334877734
10.05.2025 08:30;5,083390626361771
10.05.2025 08:45;3,5382751880821597
10.05.2025 09:00;2,384856465876225
10.05.2025 09:15;2,3141551167262646
10.05.2025 09:30;1,8870284297312174
10.05.2025 09:45;2,4039836493480764
10.05.2025 10:00;2,147362010784703
10.05.2025 10:15;2,1564309138180957
10.05.2025 10:30;2,8870320079689593
10.05.2025 10:45;2,90371560559453
10.05.2025 11:00;3,467862005062897
10.05.2025 11:15;4,503078133940472
10.05.2025 11:30;5,879423697337928
10.05.2025 11:45;5,331331456622664
10.05.2025 12:00;7,789527537677062
10.05.2025 12:15;7,173584332534415
10.05.2025 12:30;8,359642976715497
10.05.2025 12:45;6,952292657526837
10.05.2025 13:00;5,822279398897842
10.05.2025 13:15;4,210627226029004
10.05.2025 13:30;2,3085025534451438
10.05.2025 13:45;1,1143588970505962
10.05.2025 14:00;1,4902174021247339
10.05.2025 14:15;0,763190110720298
10.05.2025 14:30;1,4197018923185878
10.05.2025 14:45;2,8403232436430934
10.05.2025 15:00;3,1868371155592454
10.05.2025 15:15;6,564909975684133
10.05.2025 15:30;10,058588800457525
10.05.2025 15:45;13,512710771675607
10.05.2025 16:00;20,01057919032843
10.05.2025 16:15;24,92254401749132
10.05.2025 16:30;29,045600993629517
10.05.2025 16:45;32,061543994272625
10.05.2025 17:00;34,4976754952636
10.05.2025 17:15;36,040350711811634
10.05.2025 17:30;36,96453847315478
10.05.2025 17:45;35,05805212274408
10.05.2025 18:00;34,33349798275814
10.05.2025 18:15;30,825787149310536
10.05.2025 18:30;28,790890411100218
10.05.2025 18:45;25,99561201272195
10.05.2025 19:00;24,500359806706836
10.05.2025 19:15;18,682048184623273
10.05.2025 19:30;17,595790408897212
10.05.2025 19:45;13,706280755072143
10.05.2025 20:00;11,085853278624182
10.05.2025 20:15;8,277209641282788
10.05.2025 20:30;6,140925159663997
10.05.2025 20:45;3,6402896529948263
10.05.2025 21:00;3,022869836501596
10.05.2025 21:15;0,6859474515996212
10.05.2025 21:30;1,6698352669840672e-23
10.05.2025 21:45;0,0
10.05.2025 22:00;0,0
10.05.2025 22:15;0,0
10.05.2025 22:30;0,0
10.05.2025 22:45;0,0
10.05.2025 23:00;0,0
10.05.2025 23:15;0,0
10.05.2025 23:30;0,0
10.05.2025 23:45;0,0
11.05.2025 00:00;0,0
11.05.2025 00:15;0,0
11.05.2025 00:30;0,0
11.05.2025 00:45;0,0
11.05.2025 01:00;0,0
11.05.2025 01:15;0,0
11.05.2025 01:30;0,0
11.05.2025 01:45;0,0
11.05.2025 02:00;0,0
11.05.2025 02:15;0,0
11.05.2025 02:30;0,0
11.05.2025 02:45;0,0
11.05.2025 03:00;0,0
11.05.2025 03:15;0,0
11.05.2025 03:30;0,0
11.05.2025 03:45;0,0
11.05.2025 04:00;0,0
11.05.2025 04:15;0,0
11.05.2025 04:30;0,0
11.05.2025 04:45;0,0
11.05.2025 05:00;0,0
11.05.2025 05:15;0,7880270876031534
11.05.2025 05:30;3,113656544966923
11.05.2025 05:45;5,205613805648999
11.05.2025 06:00;6,497127194190115
11.05.2025 06:15;8,928499331826218
11.05.2025 06:30;11,075928644180923
11.05.2025 06:45;12,583168709862392
11.05.2025 07:00;13,103083357301761
11.05.2025 07:15;12,891316638088497
11.05.2025 07:30;11,394501605445171
11.05.2025 07:45;8,00927181576753
11.05.2025 08:00;7,147195864807753
11.05.2025 08:15;4,449628752416901
11.05.2025 08:30;4,387640935926692
11.05.2025 08:45;5,631866877260355
11.05.2025 09:00;4,88838680818134
11.05.2025 09:15;4,737366505931235
11.05.2025 09:30;2,967275672046346
11.05.2025 09:45;2,0665341884721613
11.05.2025 10:00;2,6703306047304944
11.05.2025 10:15;2,9745675974334356
11.05.2025 10:30;3,0324994401172303
11.05.2025 10:45;4,028745243046044
11.05.2025 11:00;3,687158839847941
11.05.2025 11:15;5,363124098082848
11.05.2025 11:30;5,919709842142301
11.05.2025 11:45;8,575948247326162
11.05.2025 12:00;9,764995010593955
11.05.2025 12:15;10,032963336817085
11.05.2025 12:30;9,949393982297249
11.05.2025 12:45;8,31218616691133
11.05.2025 13:00;5,988514714252824
11.05.2025 13:15;5,340974236942213
11.05.2025 13:30;2,560384861935237
11.05.2025 13:45;1,6066982632984006
11.05.2025 14:00;0,0
11.05.2025 14:15;0,7487179580470791
11.05.2025 14:30;1,5399555598655978
11.05.2025 14:45;2,1291370214284298
11.05.2025 15:00;5,308512416237389
11.05.2025 15:15;7,167166905791363
11.05.2025 15:30;12,533370600404682
11.05.2025 15:45;17,253070809581935
11.05.2025 16:00;23,483197420120508
11.05.2025 16:15;29,589942732976088
11.05.2025 16:30;35,16527336856699
11.05.2025 16:45;40,760050878375424
11.05.2025 17:00;40,971913297145996
11.05.2025 17:15;42,79356740974473
11.05.2025 17:30;44,018321039983604
11.05.2025 17:45;43,367781750534355
11.05.2025 18:00;41,77789984844731
11.05.2025 18:15;38,795644732952226
11.05.2025 18:30;34,84447626544439
11.05.2025 18:45;32,16797672855663
11.05.2025 19:00;28,377163891761697
11.05.2025 19:15;23,971067039221833
11.05.2025 19:30;20,77729854087271
11.05.2025 19:45;16,697247659354986
11.05.2025 20:00;12,711254415519079
11.05.2025 20:15;10,433002533653982
11.05.2025 20:30;7,152143529569598
11.05.2025 20:45;4,549282485613549
11.05.2025 21:00;3,4643404429381386
11.05.2025 21:15;0,8324531071689284
11.05.2025 21:30;2,026481114871907e-23
11.05.2025 21:45;0,0
11.05.2025 22:00;0,0
11.05.2025 22:15;0,0
11.05.2025 22:30;0,0
11.05.2025 22:45;0,0
11.05.2025 23:00;0,0
11.05.2025 23:15;0,0
11.05.2025 23:30;0,0
11.05.2025 23:45;0,0
12.05.2025 00:00;0,0
12.05.2025 00:15;0,0
12.05.2025 00:30;0,0
12.05.2025 00:45;0,0
12.05.2025 01:00;0,0
12.05.2025 01:15;0,0
12.05.2025 01:30;0,0
12.05.2025 01:45;0,0
12.05.2025 02:00;0,0
12.05.2025 02:15;0,0
12.05.2025 02:30;0,0
12.05.2025 02:45;0,0
12.05.2025 03:00;0,0
12.05.2025 03:15;0,0
12.05.2025 03:30;0,0
12.05.2025 03:45;0,0
12.05.2025 04:00;0,0
12.05.2025 04:15;0,0
12.05.2025 04:30;0,0
12.05.2025 04:45;0,0
12.05.2025 05:00;0,0
12.05.2025 05:15;0,7754304034127234
12.05.2025 05:30;2,9244586171062417
12.05.2025 05:45;3,854984261149133
12.05.2025 06:00;6,5776995117429955
12.05.2025 06:15;9,468762314480466
12.05.2025 06:30;11,415743136844945
12.05.2025 06:45;10,744001500908274
12.05.2025 07:00;11,82205828581459
12.05.2025 07:15;13,312543236835086
12.05.2025 07:30;10,113615105755546
12.05.2025 07:45;7,711321731758197
12.05.2025 08:00;6,209945977976169
12.05.2025 08:15;5,606558545049588
12.05.2025 08:30;4,793154802264539
12.05.2025 08:45;4,188537218427698
12.05.2025 09:00;3,759544362961121
12.05.2025 09:15;3,1384678636915964
12.05.2025 09:30;2,4913189131694953
12.05.2025 09:45;4,424324494473105
12.05.2025 10:00;3,001518529316925
12.05.2025 10:15;3,4774699813162555
12.05.2025 10:30;2,5872621827084203
12.05.2025 10:45;3,0532847666085146
12.05.2025 11:00;3,377578324947976
12.05.2025 11:15;3,1787132221183807
12.05.2025 11:30;5,541452950292727
12.05.2025 11:45;6,861244622834829
12.05.2025 12:00;8,031910836744213
12.05.2025 12:15;9,552313482461892
12.05.2025 12:30;10,880262722129414
12.05.2025 12:45;8,27507197906479
12.05.2025 13:00;6,9822680717630226
12.05.2025 13:15;4,323167750326146
12.05.2025 13:30;3,135058690444038
12.05.2025 13:45;1,1183853358623952
12.05.2025 14:00;1,740797282391287
12.05.2025 14:15;1,8627889543650875
12.05.2025 14:30;1,2928938469478894
12.05.2025 14:45;2,959203314641943
12.05.2025 15:00;4,668252185797234
12.05.2025 15:15;6,781523121594912
12.05.2025 15:30;10,659591790316659
12.05.2025 15:45;16,10588628568585
12.05.2025 16:00;23,142727344826906
12.05.2025 16:15;29,407015653140476
12.05.2025 16:30;34,04577031767075
12.05.2025 16:45;38,94318358475746
12.05.2025 17:00;42,314121564541225
12.05.2025 17:15;43,920927467155636
12.05.2025 17:30;44,77514202273992
12.05.2025 17:45;43,55842346698257
12.05.2025 18:00;39,93382121174407
12.05.2025 18:15;39,02813579404353
12.05.2025 18:30;34,18047320616694
12.05.2025 18:45;31,683251751603645
12.05.2025 19:00;27,261533655832938
12.05.2025 19:15;23,17260184684317
12.05.2025 19:30;18,51669516175577
12.05.2025 19:45;16,12244458685462
12.05.2025 20:00;11,80325096947252
12.05.2025 20:15;10,462675989014896
12.05.2025 20:30;8,023379255804793
12.05.2025 20:45;3,917801201135722
12.05.2025 21:00;2,6057563743481023
12.05.2025 21:15;0,8191462690420263
12.05.2025 21:30;1,994087631166221e-23
12.05.2025 21:45;0,0
12.05.2025 22:00;0,0
12.05.2025 22:15;0,0
12.05.2025 22:30;0,0
12.05.2025 22:45;0,0
12.05.2025 23:00;0,0
12.05.2025 23:15;0,0
12.05.2025 23:30;0,0
12.05.2025 23:45;0,0
13.05.2025 00:00;0,0
13.05.2025 00:15;0,0
13.05.2025 00:30;0,0
13.05.2025 00:45;0,0
13.05.2025 01:00;0,0
13.05.2025 01:15;0,0
13.05.2025 01:30;0,0
13.05.2025 01:45;0,0
13.05.2025 02:00;0,0
13.05.2025 02:15;0,0
13.05.2025 02:30;0,0
13.05.2025 02:45;0,0
13.05.2025 03:00;0,0
13.05.2025 03:15;0,0
13.05.2025 03:30;0,0
13.05.2025 03:45;0,0
13.05.2025 04:00;0,0
13.05.2025 04:15;0,0
13.05.2025 04:30;0,0
13.05.2025 04:45;0,0
13.05.2025 05:00;0,0
13.05.2025 05:15;0,7125911022184873
13.05.2025 05:30;2,023097942576879
13.05.2025 05:45;5,110139544796962
13.05.2025 06:00;6,139062441345492
13.05.2025 06:15;7,576269716852576
13.05.2025 06:30;8,922169173207172
13.05.2025 06:45;10,387068186068268
13.05.2025 07:00;9,969598356324166
13.05.2025 07:15;11,45886133658463
13.05.2025 07:30;10,56663058014793
13.05.2025 07:45;6,834233953760084
13.05.2025 08:00;5,556468537864496
13.05.2025 08:15;4,071668537650161
13.05.2025 08:30;3,7948505392878182
13.05.2025 08:45;4,30503411682529
13.05.2025 09:00;2,429499992867708
13.05.2025 09:15;3,7723496277445054
13.05.2025 09:30;3,382891220736531
13.05.2025 09:45;2,4223006374412557
13.05.2025 10:00;0,8304046557263094
13.05.2025 10:15;1,9277413214162973
13.05.2025 10:30;3,55523761476985
13.05.2025 10:45;0,9808777774525239
13.05.2025 11:00;3,319610178979559
13.05.2025 11:15;3,8008897322595403
13.05.2025 11:30;6,542020843529706
13.05.2025 11:45;6,997366440778668
13.05.2025 12:00;9,111015065856213
13.05.2025 12:15;9,94297840046746
13.05.2025 12:30;10,431597692039178
13.05.2025 12:45;7,491002238321918
13.05.2025 13:00;5,849484969422388
13.05.2025 13:15;2,66891403207373
13.05.2025 13:30;3,2108901149571345
13.05.2025 13:45;1,0749205673727917
13.05.2025 14:00;0,8701549749496541
13.05.2025 14:15;1,2274963722661911
13.05.2025 14:30;0,4650431988220938
13.05.2025 14:45;2,519597072209459
13.05.2025 15:00;4,602959385074894
13.05.2025 15:15;6,790528567651454
13.05.2025 15:30;9,405778973615714
13.05.2025 15:45;15,475749832881338
13.05.2025 16:00;21,731061352909112
13.05.2025 16:15;25,4989820798135
13.05.2025 16:30;31,0442450006817
13.05.2025 16:45;36,38378615073871
13.05.2025 17:00;38,70712679078558
13.05.2025 17:15;40,252379372892044
13.05.2025 17:30;41,45001879597861
13.05.2025 17:45;39,53507662099008
13.05.2025 18:00;37,802291418794375
13.05.2025 18:15;36,679890728196696
13.05.2025 18:30;31,602457129631297
13.05.2025 18:45;27,88504868614314
13.05.2025 19:00;25,308037959075687
13.05.2025 19:15;21,8671598331796
13.05.2025 19:30;17,810282460197683
13.05.2025 19:45;14,203599477641129
13.05.2025 20:00;13,466740431466405
13.05.2025 20:15;9,221354564527182
13.05.2025 20:30;5,884868760956911
13.05.2025 20:45;4,754093441249019
13.05.2025 21:00;2,1239398229066593
13.05.2025 21:15;0,7527643230982981
13.05.2025 21:30;1,83249082929842e-23
13.05.2025 21:45;0,0
13.05.2025 22:00;0,0
13.05.2025 22:15;0,0
13.05.2025 22:30;0,0
13.05.2025 22:45;0,0
13.05.2025 23:00;0,0
13.05.2025 23:15;0,0
13.05.2025 23:30;0,0
13.05.2025 23:45;0,0
14.05.2025 00:00;0,0
14.05.2025 00:15;0,0
14.05.2025 00:30;0,0
14.05.2025 00:45;0,0
14.05.2025 01:00;0,0
14.05.2025 01:15;0,0
14.05.2025 01:30;0,0
14.05.2025 01:45;0,0
14.05.2025 02:00;0,0
14.05.2025 02:15;0,0
14.05.2025 02:30;0,0
14.05.2025 02:45;0,0
14.05.2025 03:00;0,0
14.05.2025 03:15;0,0
14.05.2025 03:30;0,0
14.05.2025 03:45;0,0
14.05.2025 04:00;0,0
14.05.2025 04:15;0,0
14.05.2025 04:30;0,0
14.05.2025 04:45;0,0
14.05.2025 05:00;0,0
14.05.2025 05:15;0,7909288257845493
14.05.2025 05:30;2,148300229280544
14.05.2025 05:45;2,8888129873728046
14.05.2025 06:00;6,2395151645232945
14.05.2025 06:15;9,151432856728938
14.05.2025 06:30;9,483542567383926
14.05.2025 06:45;12,071001683355817
14.05.2025 07:00;12,078803850321666
14.05.2025 07:15;12,048062457481274
14.05.2025 07:30;12,105533043535972
14.05.2025 07:45;8,429938608513178
14.05.2025 08:00;7,004750207678254
14.05.2025 08:15;4,1087253829067985
14.05.2025 08:30;6,265687537608806
14.05.2025 08:45;5,1586060996330065
14.05.2025 09:00;4,188317475093327
14.05.2025 09:15;4,112680666636526
14.05.2025 09:30;2,182200754231546
14.05.2025 09:45;3,711459492661275
14.05.2025 10:00;2,6222999612429274
14.05.2025 10:15;2,7709872307613805
14.05.2025 10:30;2,6440113260325835
14.05.2025 10:45;2,8406257311391507
14.05.2025 11:00;4,440825934931521
14.05.2025 11:15;5,314675896520943
14.05.2025 11:30;7,092318871351493
14.05.2025 11:45;8,28498819559341
14.05.2025 12:00;10,158008348725225
14.05.2025 12:15;10,303515473045412
14.05.2025 12:30;11,712531175168213
14.05.2025 12:45;7,374640444768515
14.05.2025 13:00;7,083027184114966
14.05.2025 13:15;5,073671752725264
14.05.2025 13:30;2,042467713362657
14.05.2025 13:45;3,344462050384487
14.05.2025 14:00;2,0983373961611926
14.05.2025 14:15;2,0595223068001416
14.05.2025 14:30;1,7500711364009025
14.05.2025 14:45;2,4667835197358636
14.05.2025 15:00;4,210716876980666
14.05.2025 15:15;7,582811440905856
14.05.2025 15:30;12,655120336084748
14.05.2025 15:45;17,4001691454631
14.05.2025 16:00;22,905503201801995
14.05.2025 16:15;30,338386593367215
14.05.2025 16:30;35,936900192720444
14.05.2025 16:45;40,16081569739526
14.05.2025 17:00;43,274339213814
14.05.2025 17:15;44,16773691424249
14.05.2025 17:30;43,91173616415196
14.05.2025 17:45;42,90953179898938
14.05.2025 18:00;40,302061686022356
14.05.2025 18:15;38,7719848091592
14.05.2025 18:30;35,18433188507633
14.05.2025 18:45;31,262479636255836
14.05.2025 19:00;25,68893123109342
14.05.2025 19:15;23,05689813693041
14.05.2025 19:30;20,96205323052701
14.05.2025 19:45;16,101938984325155
14.05.2025 20:00;13,404960412826975
14.05.2025 20:15;9,007669514728512
14.05.2025 20:30;8,107859276685073
14.05.2025 20:45;4,464273519548054
14.05.2025 21:00;2,6452612177838466
14.05.2025 21:15;0,8355184344949734
14.05.2025 21:30;2,0339431903733815e-23
14.05.2025 21:45;0,0
14.05.2025 22:00;0,0
14.05.2025 22:15;0,0
14.05.2025 22:30;0,0
14.05.2025 22:45;0,0
14.05.2025 23:00;0,0
14.05.2025 23:15;0,0
14.05.2025 23:30;0,0
14.05.2025 23:45;0,0
15.05.2025 00:00;0,0
15.05.2025 00:15;0,0
15.05.2025 00:30;0,0
15.05.2025 00:45;0,0
15.05.2025 01:00;0,0
15.05.2025 01:15;0,0
15.05.2025 01:30;0,0
15.05.2025 01:45;0,0
15.05.2025 02:00;0,0
15.05.2025 02:15;0,0
15.05.2025 02:30;0,0
15.05.2025 02:45;0,0
15.05.2025 03:00;0,0
15.05.2025 03:15;0,0
15.05.2025 03:30;0,0
15.05.2025 03:45;0,0
15.05.2025 04:00;0,0
15.05.2025 04:15;0,0
15.05.2025 04:30;0,0
15.05.2025 04:45;0,0
15.05.2025 05:00;0,0
15.05.2025 05:15;0,7310965661802443
15.05.2025 05:30;3,286419127638771
15.05.2025 05:45;4,118953581024714
15.05.2025 06:00;6,100886072460059
15.05.2025 06:15;7,731349355610794
15.05.2025 06:30;9,700150856557848
15.05.2025 06:45;11,484513068724596
15.05.2025 07:00;11,191005138555548
15.05.2025 07:15;12,18604869038685
15.05.2025 07:30;9,272728274744805
15.05.2025 07:45;8,373147433734676
15.05.2025 08:00;6,300899970987671
15.05.2025 08:15;4,577267789778876
15.05.2025 08:30;4,5708147647848145
15.05.2025 08:45;3,9426452088056627
15.05.2025 09:00;3,2393741585312297
15.05.2025 09:15;3,181628627615038
15.05.2025 09:30;2,156547869287054
15.05.2025 09:45;2,8915006941537325
15.05.2025 10:00;1,828501277491795
15.05.2025 10:15;3,191793670663777
15.05.2025 10:30;1,9350855190502156
15.05.2025 10:45;2,6050397235706413
15.05.2025 11:00;3,2181794514668582
15.05.2025 11:15;5,674649906300911
15.05.2025 11:30;6,365290170792721
15.05.2025 11:45;7,515721524457624
15.05.2025 12:00;9,40661391269706
15.05.2025 12:15;8,320054047873167
15.05.2025 12:30;9,353567170334863
15.05.2025 12:45;9,229546488413646
15.05.2025 13:00;5,823967348180579
15.05.2025 13:15;3,852297864439545
15.05.2025 13:30;2,823035016277917
15.05.2025 13:45;2,275940220241468
15.05.2025 14:00;0,0
15.05.2025 14:15;0,09772289560406922
15.05.2025 14:30;1,746753837777307
15.05.2025 14:45;1,920317839415346
15.05.2025 15:00;4,9460990603471
15.05.2025 15:15;6,5358727312335105
15.05.2025 15:30;9,436980624213632
15.05.2025 15:45;15,07895104099804
15.05.2025 16:00;19,837718540929536
15.05.2025 16:15;27,34601503357736
15.05.2025 16:30;32,49044602165263
15.05.2025 16:45;36,40200751903614
15.05.2025 17:00;40,27356084782748
15.05.2025 17:15;41,84079865841264
15.05.2025 17:30;41,07172407649751
15.05.2025 17:45;38,73098323395021
15.05.2025 18:00;38,743605065510366
15.05.2025 18:15;36,07439341672531
15.05.2025 18:30;32,79327350335219
15.05.2025 18:45;29,869260836243885
15.05.2025 19:00;24,8426551539472
15.05.2025 19:15;23,525888662307846
15.05.2025 19:30;17,97947855855983
15.05.2025 19:45;15,838357826204437
15.05.2025 20:00;10,976437774177542
15.05.2025 20:15;8,574909094736022
15.05.2025 20:30;7,625064107373089
15.05.2025 20:45;4,037122421725996
15.05.2025 21:00;2,845428492345822
15.05.2025 21:15;0,7723130558981092
15.05.2025 21:30;1,880079261003865e-23
15.05.2025 21:45;0,0
15.05.2025 22:00;0,0
15.05.2025 22:15;0,0
15.05.2025 22:30;0,0
15.05.2025 22:45;0,0
15.05.2025 23:00;0,0
15.05.2025 23:15;0,0
15.05.2025 23:30;0,0
15.05.2025 23:45;0,0
16.05.2025 00:00;0,0
16.05.2025 00:15;0,0
16.05.2025 00:30;0,0
16.05.2025 00:45;0,0
16.05.2025 01:00;0,0
16.05.2025 01:15;0,0
16.05.2025 01:30;0,0
16.05.2025 01:45;0,0
16.05.2025 02:00;0,0
16.05.2025 02:15;0,0
16.05.2025 02:30;0,0
16.05.2025 02:45;0,0
16.05.2025 03:00;0,0
16.05.2025 03:15;0,0
16.05.2025 03:30;0,0
16.05.2025 03:45;0,0
16.05.2025 04:00;0,0
16.05.2025 04:15;0,0
16.05.2025 04:30;0,0
16.05.2025 04:45;0,0
16.05.2025 05:00;0,0
16.05.2025 05:15;0,6197881258257881
16.05.2025 05:30;0,8900965751028851
16.05.2025 05:45;3,245416268748333
16.05.2025 06:00;5,5578966490559925
16.05.2025 06:15;4,936333576218657
16.05.2025 06:30;8,269527855554294
16.05.2025 06:45;10,10729356355732
16.05.2025 07:00;9,860442184378652
16.05.2025 07:15;10,194818627273484
16.05.2025 07:30;8,18359551732673
16.05.2025 07:45;6,819928903588802
16.05.2025 08:00;4,100887678806877
16.05.2025 08:15;2,605069110816147
16.05.2025 08:30;4,548312635254721
16.05.2025 08:45;3,022317976244248
16.05.2025 09:00;3,06328983289169
16.05.2025 09:15;1,936564665811028
16.05.2025 09:30;1,4963731742166693
16.05.2025 09:45;2,138030927416061
16.05.2025 10:00;1,7219010513465158
16.05.2025 10:15;2,547921545744703
16.05.2025 10:30;2,658368680754866
16.05.2025 10:45;2,7690748924006727
16.05.2025 11:00;3,2658925202713647
16.05.2025 11:15;5,128753573907072
16.05.2025 11:30;4,452865282631436
16.05.2025 11:45;6,458657254770766
16.05.2025 12:00;8,4713997702396
16.05.2025 12:15;9,188977860856383
16.05.2025 12:30;6,959861551781058
16.05.2025 12:45;6,420335214025052
16.05.2025 13:00;5,809423293187965
16.05.2025 13:15;3,5811447816356217
16.05.2025 13:30;2,2046423494794527
16.05.2025 13:45;1,24557677705047
16.05.2025 14:00;0,8295790849339765
16.05.2025 14:15;1,2829342864702178
16.05.2025 14:30;1,1793587828702237
16.05.2025 14:45;2,0223733876988454
16.05.2025 15:00;3,4694915558166444
16.05.2025 15:15;5,253177751345888
16.05.2025 15:30;9,520704722819683
16.05.2025 15:45;15,575645255413173
16.05.2025 16:00;17,20529185704571
16.05.2025 16:15;23,54836703264851
16.05.2025 16:30;27,123479553222857
16.05.2025 16:45;31,515921254120236
16.05.2025 17:00;33,53432234020696
16.05.2025 17:15;35,29266051754914
16.05.2025 17:30;35,74257844837341
16.05.2025 17:45;34,23572208089979
16.05.2025 18:00;33,27107049786288
16.05.2025 18:15;28,611543239133006
16.05.2025 18:30;28,730258615033442
16.05.2025 18:45;25,001815148569428
16.05.2025 19:00;22,506124879953145
16.05.2025 19:15;17,898144041050593
16.05.2025 19:30;15,229938258620985
16.05.2025 19:45;13,084538232117179
16.05.2025 20:00;10,29467973231933
16.05.2025 20:15;8,019582287738839
16.05.2025 20:30;6,323466729603659
16.05.2025 20:45;2,341646629958692
16.05.2025 21:00;2,595457407020661
16.05.2025 21:15;0,6547294620282281
16.05.2025 21:30;1,593839795568452e-23
16.05.2025 21:45;0,0
16.05.2025 22:00;0,0
16.05.2025 22:15;0,0
16.05.2025 22:30;0,0
16.05.2025 22:45;0,0
16.05.2025 23:00;0,0
16.05.2025 23:15;0,0
16.05.2025 23:30;0,0
16.05.2025 23:45;0,0
17.05.2025 00:00;0,0
17.05.2025 00:15;0,0
17.05.2025 00:30;0,0
17.05.2025 00:45;0,0
17.05.2025 01:00;0,0
17.05.2025 01:15;0,0
17.05.2025 01:30;0,0
17.05.2025 01:45;0,0
17.05.2025 02:00;0,0
17.05.2025 02:15;0,0
17.05.2025 02:30;0,0
17.05.2025 02:45;0,0
17.05.2025 03:00;0,0
17.05.2025 03:15;0,0
17.05.2025 03:30;0,0
17.05.2025 03:45;0,0
17.05.2025 04:00;0,0
17.05.2025 04:15;0,0
17.05.2025 04:30;0,0
17.05.2025 04:45;0,0
17.05.2025 05:00;0,0
17.05.2025 05:15;0,707812824249962
17.05.2025 05:30;0,9070499434427401
17.05.2025 05:45;3,777407514427711
17.05.2025 06:00;5,839840378083487
17.05.2025 06:15;7,248275464332291
17.05.2025 06:30;8,03708284988063
17.05.2025 06:45;11,283738959821555
17.05.2025 07:00;11,638359154884075
17.05.2025 07:15;10,694674430737138
17.05.2025 07:30;9,711486144297695
17.05.2025 07:45;6,833476242848724
17.05.2025 08:00;5,261309795659138
17.05.2025 08:15;4,472690310443541
17.05.2025 08:30;5,300513370713915
17.05.2025 08:45;3,791328242878216
17.05.2025 09:00;4,310656188731343
17.05.2025 09:15;2,9431267895805266
17.05.2025 09:30;3,009610476599527
17.05.2025 09:45;2,481674228838476
17.05.2025 10:00;3,1608278867281685
17.05.2025 10:15;2,23326292000938
17.05.2025 10:30;1,5733839031133294
17.05.2025 10:45;1,9384926944620284
17.05.2025 11:00;3,1666714612684395
17.05.2025 11:15;3,72152269578483
17.05.2025 11:30;6,225879068929734
17.05.2025 11:45;7,093818785064549
17.05.2025 12:00;10,43127404507324
17.05.2025 12:15;8,266737457516797
17.05.2025 12:30;9,227452741060278
17.05.2025 12:45;6,792311005750018
17.05.2025 13:00;5,203414359891925
17.05.2025 13:15;3,7825794767759966
17.05.2025 13:30;0,7338976628411109
17.05.2025 13:45;1,762277452214216
17.05.2025 14:00;2,586251196239933
17.05.2025 14:15;0,9173276179752149
17.05.2025 14:30;1,7304734521178395
17.05.2025 14:45;3,0610818967004945
17.05.2025 15:00;3,784641550602911
17.05.2025 15:15;6,134643872757785
17.05.2025 15:30;8,854463312807605
17.05.2025 15:45;15,906756096142699
17.05.2025 16:00;20,990188624110935
17.05.2025 16:15;25,924897160854023
17.05.2025 16:30;31,67198700664368
17.05.2025 16:45;35,121772347978705
17.05.2025 17:00;37,88987893395369
17.05.2025 17:15;40,120424571117496
17.05.2025 17:30;38,94228992532559
17.05.2025 17:45;39,67730732820588
17.05.2025 18:00;36,11299434721379
17.05.2025 18:15;34,0852447802979
17.05.2025 18:30;32,885268887630694
17.05.2025 18:45;29,041986684406304
17.05.2025 19:00;24,909208297156724
17.05.2025 19:15;20,756925329986633
17.05.2025 19:30;17,686593490327986
17.05.2025 19:45;14,877481993418135
17.05.2025 20:00;11,796656461646108
17.05.2025 20:15;8,868654866750251
17.05.2025 20:30;6,332987557834859
17.05.2025 20:45;3,9353003283627053
17.05.2025 21:00;1,1762019297480353
17.05.2025 21:15;0,7477166636911651
17.05.2025 21:30;1,8202030663304274e-23
17.05.2025 21:45;0,0
17.05.2025 22:00;0,0
17.05.2025 22:15;0,0
17.05.2025 22:30;0,0
17.05.2025 22:45;0,0
17.05.2025 23:00;0,0
17.05.2025 23:15;0,0
17.05.2025 23:30;0,0
17.05.2025 23:45;0,0
18.05.2025 00:00;0,0
18.05.2025 00:15;0,0
18.05.2025 00:30;0,0
18.05.2025 00:45;0,0
18.05.2025 01:00;0,0
18.05.2025 01:15;0,0
18.05.2025 01:30;0,0
18.05.2025 01:45;0,0
18.05.2025 02:00;0,0
18.05.2025 02:15;0,0
18.05.2025 02:30;0,0
18.05.2025 02:45;0,0
18.05.2025 03:00;0,0
18.05.2025 03:15;0,0
18.05.2025 03:30;0,0
18.05.2025 03:45;0,0
18.05.2025 04:00;0,0
18.05.2025 04:15;0,0
18.05.2025 04:30;0,0
18.05.2025 04:45;0,0
18.05.2025 05:00;0,0
18.05.2025 05:15;0,5987654167079398
18.05.2025 05:30;2,3030931510704855
18.05.2025 05:45;2,4730090261250592
18.05.2025 06:00;6,640355738950888
18.05.2025 06:15;5,950286796091178
18.05.2025 06:30;7,80564467533942
18.05.2025 06:45;8,053233861491464
18.05.2025 07:00;10,823732990317051
18.05.2025 07:15;10,26059109563314
18.05.2025 07:30;8,589310807759036
18.05.2025 07:45;5,726562854502431
18.05.2025 08:00;5,205409133748356
18.05.2025 08:15;3,317083116354015
18.05.2025 08:30;4,780134688070364
18.05.2025 08:45;4,152349011667623
18.05.2025 09:00;3,334246557961305
18.05.2025 09:15;1,1030056849956664
18.05.2025 09:30;1,7107275024709285
18.05.2025 09:45;2,6645023361542997
18.05.2025 10:00;3,005895522797571
18.05.2025 10:15;2,9823116169139485
18.05.2025 10:30;1,1477577970236017
18.05.2025 10:45;2,669260057970041
18.05.2025 11:00;3,7046214015466674
18.05.2025 11:15;2,726979414791085
18.05.2025 11:30;5,018261852975748
18.05.2025 11:45;6,4684245968671
18.05.2025 12:00;7,2075326387648
18.05.2025 12:15;6,725628553700876
18.05.2025 12:30;7,457277039692082
18.05.2025 12:45;6,184681283815698
18.05.2025 13:00;4,5902833839908075
18.05.2025 13:15;2,721653432959875
18.05.2025 13:30;1,6877062590918386
18.05.2025 13:45;1,3227441322133273
18.05.2025 14:00;1,3707065579302458
18.05.2025 14:15;0,8314094301323671
18.05.2025 14:30;1,0232713022945945
18.05.2025 14:45;2,0472180262767514
18.05.2025 15:00;1,9540151847056084
18.05.2025 15:15;5,867469149431152
18.05.2025 15:30;8,837520009553026
18.05.2025 15:45;13,10434041736939
18.05.2025 16:00;18,495915255140954
18.05.2025 16:15;21,163539107104675
18.05.2025 16:30;25,335873020382845
18.05.2025 16:45;30,248117244452967
18.05.2025 17:00;32,36039880608496
18.05.2025 17:15;33,699476742788484
18.05.2025 17:30;33,411786261647066
18.05.2025 17:45;33,40939576083879
18.05.2025 18:00;32,02983224109992
18.05.2025 18:15;29,565197420870582
18.05.2025 18:30;26,497617875233217
18.05.2025 18:45;22,424753098715502
18.05.2025 19:00;21,55230212515293
18.05.2025 19:15;18,97121260538573
18.05.2025 19:30;15,726355618737255
18.05.2025 19:45;11,926279908416268
18.05.2025 20:00;10,428670629227778
18.05.2025 20:15;8,158508382691316
18.05.2025 20:30;6,466740752702675
18.05.2025 20:45;2,842684768485702
18.05.2025 21:00;1,6903518490235785
18.05.2025 21:15;0,6325215712062381
18.05.2025 21:30;1,5397780460664864e-23
18.05.2025 21:45;0,0
18.05.2025 22:00;0,0
18.05.2025 22:15;0,0
18.05.2025 22:30;0,0
18.05.2025 22:45;0,0
18.05.2025 23:00;0,0
18.05.2025 23:15;0,0
18.05.2025 23:30;0,0
18.05.2025 23:45;0,0
19.05.2025 00:00;0,0
19.05.2025 00:15;0,0
19.05.2025 00:30;0,0
19.05.2025 00:45;0,0
19.05.2025 01:00;0,0
19.05.2025 01:15;0,0
19.05.2025 01:30;0,0
19.05.2025 01:45;0,0
19.05.2025 02:00;0,0
19.05.2025 02:15;0,0
19.05.2025 02:30;0,0
19.05.2025 02:45;0,0
19.05.2025 03:00;0,0
19.05.2025 03:15;0,0
19.05.2025 03:30;0,0
19.05.2025 03:45;0,0
19.05.2025 04:00;0,0
19.05.2025 04:15;0,0
19.05.2025 04:30;0,0
19.05.2025 04:45;0,0
19.05.2025 05:00;0,0
19.05.2025 05:15;0,7314762216661232
19.05.2025 05:30;2,8102779736174743
19.05.2025 05:45;4,008863960786713
19.05.2025 06:00;5,8195933084943965
19.05.2025 06:15;7,50879087661946
19.05.2025 06:30;9,949074457691669
19.05.2025 06:45;10,686322873394698
19.05.2025 07:00;11,92865016895022
19.05.2025 07:15;12,187770726861466
19.05.2025 07:30;9,84588019276954
19.05.2025 07:45;7,71618371219935
19.05.2025 08:00;5,342932518395596
19.05.2025 08:15;4,266143012803645
19.05.2025 08:30;3,3091995913594086
19.05.2025 08:45;4,89157716547765
19.05.2025 09:00;5,25787703178452
19.05.2025 09:15;4,4286699555267655
19.05.2025 09:30;1,7926019663622044
19.05.2025 09:45;3,174324944786662
19.05.2025 10:00;3,6304031659704057
19.05.2025 10:15;2,3750414448302246
19.05.2025 10:30;2,834568426234871
19.05.2025 10:45;1,5974796677514413
19.05.2025 11:00;3,844015390170835
19.05.2025 11:15;4,005020507867624
19.05.2025 11:30;6,277017128043697
19.05.2025 11:45;6,575072991209785
19.05.2025 12:00;9,442214589500525
19.05.2025 12:15;10,517334113689794
19.05.2025 12:30;8,840407728801404
19.05.2025 12:45;7,039507512358989
19.05.2025 13:00;4,225084917667246
19.05.2025 13:15;3,6202449679240067
19.05.2025 13:30;2,033496138588586
19.05.2025 13:45;0,5641592888936511
19.05.2025 14:00;1,6132596944345343
19.05.2025 14:15;0,9610344503864477
19.05.2025 14:30;0,8473654027679054
19.05.2025 14:45;2,0337878248243593
19.05.2025 15:00;4,779686112670763
19.05.2025 15:15;7,182059285169842
19.05.2025 15:30;10,705737697765633
19.05.2025 15:45;16,40822566606422
19.05.2025 16:00;20,9611545590304
19.05.2025 16:15;27,546847761350307
19.05.2025 16:30;32,74238117809111
19.05.2025 16:45;36,3893035702473
19.05.2025 17:00;39,84368807245649
19.05.2025 17:15;40,4768234413401
19.05.2025 17:30;41,56926078567539
19.05.2025 17:45;40,63245876043217
19.05.2025 18:00;36,28939105359956
19.05.2025 18:15;36,537386658204284
19.05.2025 18:30;30,460273556560495
19.05.2025 18:45;28,76614490509961
19.05.2025 19:00;26,389102559018205
19.05.2025 19:15;21,90914588602849
19.05.2025 19:30;17,634433227291666
19.05.2025 19:45;14,556238281133798
19.05.2025 20:00;12,882728565349689
19.05.2025 20:15;7,885832277884731
19.05.2025 20:30;7,357308279380371
19.05.2025 20:45;4,183372128775269
19.05.2025 21:00;1,4239782390502471
19.05.2025 21:15;0,7727141149401718
19.05.2025 21:30;1,8810555785497896e-23
19.05.2025 21:45;0,0
19.05.2025 22:00;0,0
19.05.2025 22:15;0,0
19.05.2025 22:30;0,0
19.05.2025 22:45;0,0
19.05.2025 23:00;0,0
19.05.2025 23:15;0,0
19.05.2025 23:30;0,0
19.05.2025 23:45;0,0
20.05.2025 00:00;0,0
20.05.2025 00:15;0,0
20.05.2025 00:30;0,0
20.05.2025 00:45;0,0
20.05.2025 01:00;0,0
20.05.2025 01:15;0,0
20.05.2025 01:30;0,0
20.05.2025 01:45;0,0
20.05.2025 02:00;0,0
20.05.2025 02:15;0,0
20.05.2025 02:30;0,0
20.05.2025 02:45;0,0
20.05.2025 03:00;0,0
20.05.2025 03:15;0,0
20.05.2025 03:30;0,0
20.05.2025 03:45;0,0
20.05.2025 04:00;0,0
20.05.2025 04:15;0,0
20.05.2025 04:30;0,0
20.05.2025 04:45;0,0
20.05.2025 05:00;0,0
20.05.2025 05:15;0,6551811618171426
20.05.2025 05:30;1,4648241202345762
20.05.2025 05:45;3,523997742586714
20.05.2025 06:00;4,6656669426921145
20.05.2025 06:15;6,667037711722206
20.05.2025 06:30;8,320640126379429
20.05.2025 06:45;9,290110898132097
20.05.2025 07:00;10,876324100412258
20.05.2025 07:15;10,536730895683867
20.05.2025 07:30;9,109142957052226
20.05.2025 07:45;6,996388325047531
20.05.2025 08:00;6,092083036622061
20.05.2025 08:15;4,323499775085995
20.05.2025 08:30;3,8957344371945033
20.05.2025 08:45;3,997060819355108
20.05.2025 09:00;4,762908402047387
20.05.2025 09:15;2,1348335366125966
20.05.2025 09:30;3,1640637460558834
20.05.2025 09:45;1,0635387898796387
20.05.2025 10:00;2,51218933782368
20.05.2025 10:15;3,5162901918417457
20.05.2025 10:30;2,8173764861011397
20.05.2025 10:45;2,8092203773048516
20.05.2025 11:00;2,883518597439699
20.05.2025 11:15;4,275857653980653
20.05.2025 11:30;5,320693575885412
20.05.2025 11:45;6,317945964559146
20.05.2025 12:00;7,9140861068138895
20.05.2025 12:15;8,916855775242277
20.05.2025 12:30;7,872320371581924
20.05.2025 12:45;6,453706306966036
20.05.2025 13:00;4,184026658193567
20.05.2025 13:15;3,6831886813923105
20.05.2025 13:30;2,5677753823986618
20.05.2025 13:45;1,6399487334596516
20.05.2025 14:00;1,8365741199240742
20.05.2025 14:15;1,2044291871444734
20.05.2025 14:30;1,7078639636165445
20.05.2025 14:45;2,3820543852962714
20.05.2025 15:00;3,5453780910417647
20.05.2025 15:15;5,683340473401698
20.05.2025 15:30;11,220530279410024
20.05.2025 15:45;13,992263745296675
20.05.2025 16:00;19,036609717522285
20.05.2025 16:15;24,957144046370136
20.05.2025 16:30;29,411186029042675
20.05.2025 16:45;31,90502300803856
20.05.2025 17:00;36,20072519459433
20.05.2025 17:15;36,678361316616666
20.05.2025 17:30;36,1361648839958
20.05.2025 17:45;36,880517271739876
20.05.2025 18:00;34,77130102228025
20.05.2025 18:15;31,094946050563834
20.05.2025 18:30;30,438037030451365
20.05.2025 18:45;26,613167306918065
20.05.2025 19:00;22,986625570536287
20.05.2025 19:15;20,936047505870338
20.05.2025 19:30;16,82590092312048
20.05.2025 19:45;13,704082899497969
20.05.2025 20:00;10,432955506945875
20.05.2025 20:15;8,675373030502637
20.05.2025 20:30;6,215678209702672
20.05.2025 20:45;3,7918589160658316
20.05.2025 21:00;1,470080355952994
20.05.2025 21:15;0,6921178250003172
20.05.2025 21:30;1,684856107269886e-23
20.05.2025 21:45;0,0
20.05.2025 22:00;0,0
20.05.2025 22:15;0,0
20.05.2025 22:30;0,0
20.05.2025 22:45;0,0
20.05.2025 23:00;0,0
20.05.2025 23:15;0,0
20.05.2025 23:30;0,0
20.05.2025 23:45;0,0
21.05.2025 00:00;0,0
21.05.2025 00:15;0,0
21.05.2025 00:30;0,0
21.05.2025 00:45;0,0
21.05.2025 01:00;0,0
21.05.2025 01:15;0,0
21.05.2025 01:30;0,0
21.05.2025 01:45;0,0
21.05.2025 02:00;0,0
21.05.2025 02:15;0,0
21.05.2025 02:30;0,0
21.05.2025 02:45;0,0
21.05.2025 03:00;0,0
21.05.2025 03:15;0,0
21.05.2025 03:30;0,0
21.05.2025 03:45;0,0
21.05.2025 04:00;0,0
21.05.2025 04:15;0,0
21.05.2025 04:30;0,0
21.05.2025 04:45;0,0
21.05.2025 05:00;0,0
21.05.2025 05:15;0,6400108565306014
21.05.2025 05:30;2,239820128967041
21.05.2025 05:45;2,985038823235328
21.05.2025 06:00;3,7284490023377286
21.05.2025 06:15;6,2759979970061
21.05.2025 06:30;7,52441815395429
21.05.2025 06:45;8,564269485843578
21.05.2025 07:00;11,49843837760472
21.05.2025 07:15;10,320755270728007
21.05.2025 07:30;9,224601323209056
21.05.2025 07:45;6,912419664331604
21.05.2025 08:00;5,285344560282662
21.05.2025 08:15;5,059838906495561
21.05.2025 08:30;3,9926123222557997
21.05.2025 08:45;4,2044109625957
21.05.2025 09:00;3,355310958671618
21.05.2025 09:15;2,7624205688331434
21.05.2025 09:30;1,5795399952769427
21.05.2025 09:45;0,9490240649454504
21.05.2025 10:00;2,1223582173550177
21.05.2025 10:15;2,3973914546329422
21.05.2025 10:30;1,5177032905815315
21.05.2025 10:45;2,603370197304345
21.05.2025 11:00;3,2376101738871452
21.05.2025 11:15;2,6464174454374514
21.05.2025 11:30;4,729267543028714
21.05.2025 11:45;6,994187120346041
21.05.2025 12:00;8,19999617091156
21.05.2025 12:15;7,767167740485533
21.05.2025 12:30;8,325572259225504
21.05.2025 12:45;7,5712888909328955
21.05.2025 13:00;5,561222742305481
21.05.2025 13:15;3,2640321021007606
21.05.2025 13:30;1,8078490958607867
21.05.2025 13:45;1,0030280738024366
21.05.2025 14:00;1,4615474497398888
21.05.2025 14:15;1,2530309902509
21.05.2025 14:30;1,8408483378416984
21.05.2025 14:45;2,211449508657056
21.05.2025 15:00;4,0990161973797985
21.05.2025 15:15;5,980932782680812
21.05.2025 15:30;9,995988382042114
21.05.2025 15:45;14,58689810865288
21.05.2025 16:00;18,4879822361034
21.05.2025 16:15;22,816803912472377
21.05.2025 16:30;29,638417603454133
21.05.2025 16:45;32,30652863889716
21.05.2025 17:00;33,39470183417513
21.05.2025 17:15;35,393832909367845
21.05.2025 17:30;36,599412585129635
21.05.2025 17:45;35,01791744661359
21.05.2025 18:00;33,17991863773552
21.05.2025 18:15;32,22026317542637
21.05.2025 18:30;27,78493923068549
21.05.2025 18:45;24,98776857245306
21.05.2025 19:00;22,609327352711265
21.05.2025 19:15;19,63722621729242
21.05.2025 19:30;16,674821415474963
21.05.2025 19:45;14,043843141846756
21.05.2025 20:00;10,78189995651995
21.05.2025 20:15;8,419204371557107
21.05.2025 20:30;5,564414362722767
21.05.2025 20:45;3,7379114727594214
21.05.2025 21:00;2,051501805181083
21.05.2025 21:15;0,6760922746465934
21.05.2025 21:30;1,6458443300687716e-23
21.05.2025 21:45;0,0
21.05.2025 22:00;0,0
21.05.2025 22:15;0,0
21.05.2025 22:30;0,0
21.05.2025 22:45;0,0
21.05.2025 23:00;0,0
21.05.2025 23:15;0,0
21.05.2025 23:30;0,0
21.05.2025 23:45;0,0
22.05.2025 00:00;0,0
22.05.2025 00:15;0,0
22.05.2025 00:30;0,0
22.05.2025 00:45;0,0
22.05.2025 01:00;0,0
22.05.2025 01:15;0,0
22.05.2025 01:30;0,0
22.05.2025 01:45;0,0
22.05.2025 02:00;0,0
22.05.2025 02:15;0,0
22.05.2025 02:30;0,0
22.05.2025 02:45;0,0
22.05.2025 03:00;0,0
22.05.2025 03:15;0,0
22.05.2025 03:30;0,0
22.05.2025 03:45;0,0
22.05.2025 04:00;0,0
22.05.2025 04:15;0,0
22.05.2025 04:30;0,0
22.05.2025 04:45;0,0
22.05.2025 05:00;0,0
22.05.2025 05:15;0,5994924750589211
22.05.2025 05:30;2,227729730532612
22.05.2025 05:45;2,52649859480199
22.05.2025 06:00;3,926431906256035
22.05.2025 06:15;6,430872905935198
22.05.2025 06:30;8,185320712550906
22.05.2025 06:45;9,203625068014386
22.05.2025 07:00;9,074543851412773
22.05.2025 07:15;9,9626875014974
22.05.2025 07:30;7,870944353054831
22.05.2025 07:45;6,3123458976519835
22.05.2025 08:00;4,40331652137641
22.05.2025 08:15;5,017876700146266
22.05.2025 08:30;4,204442442188033
22.05.2025 08:45;4,013762301420249
22.05.2025 09:00;4,1444547545260875
22.05.2025 09:15;4,78073334100765
22.05.2025 09:30;1,205573574486888
22.05.2025 09:45;1,6688567567537849
22.05.2025 10:00;1,7281733943057858
22.05.2025 10:15;1,6129975458951489
22.05.2025 10:30;1,5106054895494894
22.05.2025 10:45;2,25140116602523
22.05.2025 11:00;2,145773360514627
22.05.2025 11:15;4,127064794834219
22.05.2025 11:30;5,066084044287389
22.05.2025 11:45;6,621076586791225
22.05.2025 12:00;7,782485245409002
22.05.2025 12:15;8,453987635354588
22.05.2025 12:30;7,433211390405369
22.05.2025 12:45;7,9063834972548825
22.05.2025 13:00;4,863735516506915
22.05.2025 13:15;1,8161278469644522
22.05.2025 13:30;1,298577615741042
22.05.2025 13:45;0,13382634573627006
22.05.2025 14:00;1,0744108931324872
22.05.2025 14:15;0,9605128143181358
22.05.2025 14:30;0,9837182784352785
22.05.2025 14:45;3,392625838690688
22.05.2025 15:00;3,6869497791465173
22.05.2025 15:15;6,04853258865953
22.05.2025 15:30;8,196894283141061
22.05.2025 15:45;12,393031894231276
22.05.2025 16:00;17,870807375725477
22.05.2025 16:15;22,67897292773121
22.05.2025 16:30;25,450580757710373
22.05.2025 16:45;29,966736060328895
22.05.2025 17:00;32,41453112844619
22.05.2025 17:15;33,47052382746688
22.05.2025 17:30;33,206865402944906
22.05.2025 17:45;32,606676645872604
22.05.2025 18:00;31,2912835096764
22.05.2025 18:15;29,325458363087012
22.05.2025 18:30;27,135948665759177
22.05.2025 18:45;24,685756050370724
22.05.2025 19:00;20,83330968560764
22.05.2025 19:15;17,81869078305058
22.05.2025 19:30;15,600071760494414
22.05.2025 19:45;12,984850364432374
22.05.2025 20:00;9,665164679084727
22.05.2025 20:15;8,118588154996326
22.05.2025 20:30;6,067806469999356
22.05.2025 20:45;4,364338685883218
22.05.2025 21:00;3,095939706361346
22.05.2025 21:15;0,6332896183874698
22.05.2025 21:30;1,5416477407011664e-23
22.05.2025 21:45;0,0
22.05.2025 22:00;0,0
22.05.2025 22:15;0,0
22.05.2025 22:30;0,0
22.05.2025 22:45;0,0
22.05.2025 23:00;0,0
22.05.2025 23:15;0,0
22.05.2025 23:30;0,0
22.05.2025 23:45;0,0
23.05.2025 00:00;0,0
23.05.2025 00:15;0,0
23.05.2025 00:30;0,0
23.05.2025 00:45;0,0
23.05.2025 01:00;0,0
23.05.2025 01:15;0,0
23.05.2025 01:30;0,0
23.05.2025 01:45;0,0
23.05.2025 02:00;0,0
23.05.2025 02:15;0,0
23.05.2025 02:30;0,0
23.05.2025 02:45;0,0
23.05.2025 03:00;0,0
23.05.2025 03:15;0,0
23.05.2025 03:30;0,0
23.05.2025 03:45;0,0
23.05.2025 04:00;0,0
23.05.2025 04:15;0,0
23.05.2025 04:30;0,0
23.05.2025 04:45;0,0
23.05.2025 05:00;0,0
23.05.2025 05:15;0,7370688348006698
23.05.2025 05:30;1,5881779127147282
23.05.2025 05:45;3,7967499487688356
23.05.2025 06:00;6,56915386678584
23.05.2025 06:15;6,988034412139321
23.05.2025 06:30;9,48737951151747
23.05.2025 06:45;11,502157155834537
23.05.2025 07:00;10,186805677761152
23.05.2025 07:15;12,389583894647954
23.05.2025 07:30;9,489714317369474
23.05.2025 07:45;8,442208573263072
23.05.2025 08:00;6,398908958505662
23.05.2025 08:15;5,808798869108765
23.05.2025 08:30;5,009809859577438
23.05.2025 08:45;2,7500869568148287
23.05.2025 09:00;3,4728100483150093
23.05.2025 09:15;3,5539150589196296
23.05.2025 09:30;2,8167835342051006
23.05.2025 09:45;3,0216445806048546
23.05.2025 10:00;3,2076310598302467
23.05.2025 10:15;3,141328216153314
23.05.2025 10:30;2,6346919484024083
23.05.2025 10:45;1,733528827252927
23.05.2025 11:00;3,3664256444903953
23.05.2025 11:15;5,077283143755669
23.05.2025 11:30;5,420882993541007
23.05.2025 11:45;8,168433562977874
23.05.2025 12:00;9,76737567992759
23.05.2025 12:15;9,963910860393302
23.05.2025 12:30;7,315769957473506
23.05.2025 12:45;7,000597855552924
23.05.2025 13:00;7,098475932612936
23.05.2025 13:15;3,4532629560436274
23.05.2025 13:30;1,070371707252828
23.05.2025 13:45;2,527160404342302
23.05.2025 14:00;1,315405365555088
23.05.2025 14:15;2,0592280176625106
23.05.2025 14:30;1,8064876004963861
23.05.2025 14:45;2,761497587054246
23.05.2025 15:00;4,314689653063727
23.05.2025 15:15;7,2999298811856175
23.05.2025 15:30;12,473505500798165
23.05.2025 15:45;16,776694759487686
23.05.2025 16:00;20,834030264267067
23.05.2025 16:15;28,047292138565894
23.05.2025 16:30;33,68784049606743
23.05.2025 16:45;37,84081421186959
23.05.2025 17:00;39,542544195402314
23.05.2025 17:15;42,152236551039394
23.05.2025 17:30;42,17690156160754
23.05.2025 17:45;42,35462796910935
23.05.2025 18:00;38,099470348560416
23.05.2025 18:15;35,62197396569638
23.05.2025 18:30;32,628532488600754
23.05.2025 18:45;29,077456738667305
23.05.2025 19:00;25,24461870444447
23.05.2025 19:15;20,36658156456474
23.05.2025 19:30;18,49085936729663
23.05.2025 19:45;15,675704638077
23.05.2025 20:00;11,88858219653844
23.05.2025 20:15;10,636753730814762
23.05.2025 20:30;6,612120658066406
23.05.2025 20:45;5,148479798171005
23.05.2025 21:00;2,45382043612788
23.05.2025 21:15;0,7768734562874567
23.05.2025 21:30;1,8911767516561663e-23
23.05.2025 21:45;0,0
23.05.2025 22:00;0,0
23.05.2025 22:15;0,0
23.05.2025 22:30;0,0
23.05.2025 22:45;0,0
23.05.2025 23:00;0,0
23.05.2025 23:15;0,0
23.05.2025 23:30;0,0
23.05.2025 23:45;0,0
24.05.2025 00:00;0,0
24.05.2025 00:15;0,0
24.05.2025 00:30;0,0
24.05.2025 00:45;0,0
24.05.2025 01:00;0,0
24.05.2025 01:15;0,0
24.05.2025 01:30;0,0
24.05.2025 01:45;0,0
24.05.2025 02:00;0,0
24.05.2025 02:15;0,0
24.05.2025 02:30;0,0
24.05.2025 02:45;0,0
24.05.2025 03:00;0,0
24.05.2025 03:15;0,0
24.05.2025 03:30;0,0
24.05.2025 03:45;0,0
24.05.2025 04:00;0,0
24.05.2025 04:15;0,0
24.05.2025 04:30;0,0
24.05.2025 04:45;0,0
24.05.2025 05:00;0,0
24.05.2025 05:15;0,6346799997144665
24.05.2025 05:30;1,6843777837388965
24.05.2025 05:45;3,870518675911704
24.05.2025 06:00;4,275128101060143
24.05.2025 06:15;6,518656403811542
24.05.2025 06:30;7,736160543495154
24.05.2025 06:45;10,548821805827355
24.05.2025 07:00;10,731674391674982
24.05.2025 07:15;10,501455975585417
24.05.2025 07:30;9,319320034984454
24.05.2025 07:45;7,043283307812415
24.05.2025 08:00;5,49961244719487
24.05.2025 08:15;3,5185030301733016
24.05.2025 08:30;2,4512946222358583
24.05.2025 08:45;3,906056327129263
24.05.2025 09:00;3,690216871447635
24.05.2025 09:15;3,8234087672585635
24.05.2025 09:30;3,6429554352087283
24.05.2025 09:45;3,4130113038109426
24.05.2025 10:00;1,587632183384624
24.05.2025 10:15;2,09161900464795
24.05.2025 10:30;2,7340880689743114
24.05.2025 10:45;4,377950560746403
24.05.2025 11:00;4,2093991288856385
24.05.2025 11:15;4,904587538582756
24.05.2025 11:30;5,0536759834293665
24.05.2025 11:45;6,034980375510996
24.05.2025 12:00;8,41524692212638
24.05.2025 12:15;7,732855520824884
24.05.2025 12:30;7,979330637430258
24.05.2025 12:45;6,718156733742639
24.05.2025 13:00;6,090519659669292
24.05.2025 13:15;3,054701298734575
24.05.2025 13:30;0,41017106212904486
24.05.2025 13:45;1,784656512701266
24.05.2025 14:00;0,6353122397832754
24.05.2025 14:15;1,1370005856962475
24.05.2025 14:30;1,3279089797908943
24.05.2025 14:45;1,9098940599506715
24.05.2025 15:00;4,04975163590371
24.05.2025 15:15;4,792447001070368
24.05.2025 15:30;9,006111660275149
24.05.2025 15:45;14,339727084792282
24.05.2025 16:00;18,462608355206484
24.05.2025 16:15;22,75574910059102
24.05.2025 16:30;28,788092781265863
24.05.2025 16:45;32,6454387287299
24.05.2025 17:00;34,27519372075916
24.05.2025 17:15;34,22194604735955
24.05.2025 17:30;36,252931526008105
24.05.2025 17:45;33,75846352138377
24.05.2025 18:00;33,47516929550215
24.05.2025 18:15;30,35821611118095
24.05.2025 18:30;27,468616779455772
24.05.2025 18:45;25,024354074680918
24.05.2025 19:00;22,145960646335997
24.05.2025 19:15;18,751673757295663
24.05.2025 19:30;16,603477562121284
24.05.2025 19:45;12,982065244181687
24.05.2025 20:00;11,24038042826359
24.05.2025 20:15;8,20618392764815
24.05.2025 20:30;5,209711671716518
24.05.2025 20:45;3,057096035815416
24.05.2025 21:00;0,8065198305066852
24.05.2025 21:15;0,6704608840633565
24.05.2025 21:30;1,632135561888173e-23
24.05.2025 21:45;0,0
24.05.2025 22:00;0,0
24.05.2025 22:15;0,0
24.05.2025 22:30;0,0
24.05.2025 22:45;0,0
24.05.2025 23:00;0,0
24.05.2025 23:15;0,0
24.05.2025 23:30;0,0
24.05.2025 23:45;0,0
25.05.2025 00:00;0,0
25.05.2025 00:15;0,0
25.05.2025 00:30;0,0
25.05.2025 00:45;0,0
25.05.2025 01:00;0,0
25.05.2025 01:15;0,0
25.05.2025 01:30;0,0
25.05.2025 01:45;0,0
25.05.2025 02:00;0,0
25.05.2025 02:15;0,0
25.05.2025 02:30;0,0
25.05.2025 02:45;0,0
25.05.2025 03:00;0,0
25.05.2025 03:15;0,0
25.05.2025 03:30;0,0
25.05.2025 03:45;0,0
25.05.2025 04:00;0,0
25.05.2025 04:15;0,0
25.05.2025 04:30;0,0
25.05.2025 04:45;0,0
25.05.2025 05:00;0,0
25.05.2025 05:15;0,6149419027317685
25.05.2025 05:30;1,6690843561604751
25.05.2025 05:45;3,2486835922552166
25.05.2025 06:00;5,199744705841518
25.05.2025 06:15;5,755414447079878
25.05.2025 06:30;8,4825355407561
25.05.2025 06:45;9,775579065055808
25.05.2025 07:00;11,712160748870312
25.05.2025 07:15;9,46970050453512
25.05.2025 07:30;8,287249575309989
25.05.2025 07:45;7,3877818911387605
25.05.2025 08:00;5,7679626306238
25.05.2025 08:15;3,8383474064413963
25.05.2025 08:30;3,575758858381415
25.05.2025 08:45;4,061582738093364
25.05.2025 09:00;2,776404707855039
25.05.2025 09:15;2,5969695701676336
25.05.2025 09:30;2,5266491748796556
25.05.2025 09:45;2,9392053035119043
25.05.2025 10:00;1,791928957461057
25.05.2025 10:15;0,975818906381785
25.05.2025 10:30;0,9816642772041202
25.05.2025 10:45;1,6429952935992265
25.05.2025 11:00;2,155423985294596
25.05.2025 11:15;3,884621526337364
25.05.2025 11:30;4,3273037619946155
25.05.2025 11:45;5,954381227624779
25.05.2025 12:00;7,076617217129339
25.05.2025 12:15;7,930515743297859
25.05.2025 12:30;8,818646961774883
25.05.2025 12:45;7,050436051342766
25.05.2025 13:00;4,832037858355696
25.05.2025 13:15;2,8775503908530116
25.05.2025 13:30;1,7485256696449958
25.05.2025 13:45;1,6164477480054242
25.05.2025 14:00;1,4985707710721528
25.05.2025 14:15;0,4373947602617507
25.05.2025 14:30;1,3709542554528187
25.05.2025 14:45;0,6139984110380736
25.05.2025 15:00;3,5359738008115054
25.05.2025 15:15;6,21654548318829
25.05.2025 15:30;8,880634763601993
25.05.2025 15:45;14,701405285600776
25.05.2025 16:00;17,68805846446698
25.05.2025 16:15;23,29141153937218
25.05.2025 16:30;27,414291607126042
25.05.2025 16:45;30,798263385292337
25.05.2025 17:00;33,15975115671433
25.05.2025 17:15;34,56254665029194
25.05.2025 17:30;35,2402520251112
25.05.2025 17:45;34,7988012437668
25.05.2025 18:00;32,223103059827025
25.05.2025 18:15;30,586723444723837
25.05.2025 18:30;26,909763830354528
25.05.2025 18:45;25,082000113063696
25.05.2025 19:00;21,048160933516165
25.05.2025 19:15;19,368893665892156
25.05.2025 19:30;17,2352933054519
25.05.2025 19:45;12,795411375100027
25.05.2025 20:00;8,691236798413271
25.05.2025 20:15;7,376626169606433
25.05.2025 20:30;6,3831105060016995
25.05.2025 20:45;3,936483110566845
25.05.2025 21:00;2,0730593903788574
25.05.2025 21:15;0,6496100270035755
25.05.2025 21:30;1,5813773057213615e-23
25.05.2025 21:45;0,0
25.05.2025 22:00;0,0
25.05.2025 22:15;0,0
25.05.2025 22:30;0,0
25.05.2025 22:45;0,0
25.05.2025 23:00;0,0
25.05.2025 23:15;0,0
25.05.2025 23:30;0,0
25.05.2025 23:45;0,0
26.05.2025 00:00;0,0
26.05.2025 00:15;0,0
26.05.2025 00:30;0,0
26.05.2025 00:45;0,0
26.05.2025 01:00;0,0
26.05.2025 01:15;0,0
26.05.2025 01:30;0,0
26.05.2025 01:45;0,0
26.05.2025 02:00;0,0
26.05.2025 02:15;0,0
26.05.2025 02:30;0,0
26.05.2025 02:45;0,0
26.05.2025 03:00;0,0
26.05.2025 03:15;0,0
26.05.2025 03:30;0,0
26.05.2025 03:45;0,0
26.05.2025 04:00;0,0
26.05.2025 04:15;0,0
26.05.2025 04:30;0,0
26.05.2025 04:45;0,0
26.05.2025 05:00;0,0
26.05.2025 05:15;0,6223462606559955
26.05.2025 05:30;2,5130382839826257
26.05.2025 05:45;2,632390015397492
26.05.2025 06:00;3,7223699122350973
26.05.2025 06:15;6,943144454161295
26.05.2025 06:30;8,502519138424596
26.05.2025 06:45;9,64900709699247
26.05.2025 07:00;10,294110607695842
26.05.2025 07:15;9,625787413009895
26.05.2025 07:30;9,262790330721486
26.05.2025 07:45;6,900088236815074
26.05.2025 08:00;4,916156943869659
26.05.2025 08:15;4,0453110462374395
26.05.2025 08:30;5,318873382766924
26.05.2025 08:45;2,51265143876019
26.05.2025 09:00;3,7459706381372744
26.05.2025 09:15;1,7436957019930202
26.05.2025 09:30;2,4178385018784705
26.05.2025 09:45;1,9655049128610314
26.05.2025 10:00;0,7823002106005124
26.05.2025 10:15;2,565092504135107
26.05.2025 10:30;2,0852299104250527
26.05.2025 10:45;1,0855378750361595
26.05.2025 11:00;3,699360020914472
26.05.2025 11:15;5,045430254635353
26.05.2025 11:30;6,264731366181159
26.05.2025 11:45;6,775197571728682
26.05.2025 12:00;7,742450167644038
26.05.2025 12:15;9,267783018680195
26.05.2025 12:30;9,165598753371553
26.05.2025 12:45;7,4598840862243225
26.05.2025 13:00;4,219716329045041
26.05.2025 13:15;3,3797438011807217
26.05.2025 13:30;2,384154890369864
26.05.2025 13:45;0,13699415615219324
26.05.2025 14:00;1,4313251071152417
26.05.2025 14:15;2,6767377239046555
26.05.2025 14:30;1,809572872779598
26.05.2025 14:45;3,0920378112514264
26.05.2025 15:00;3,556605783716093
26.05.2025 15:15;5,700216228079949
26.05.2025 15:30;9,452862787971148
26.05.2025 15:45;13,02046295441169
26.05.2025 16:00;17,85068766400027
26.05.2025 16:15;24,304229657542553
26.05.2025 16:30;28,730398982077652
26.05.2025 16:45;30,54637669254272
26.05.2025 17:00;34,31760747357485
26.05.2025 17:15;34,84195717990314
26.05.2025 17:30;35,30171871633771
26.05.2025 17:45;34,563930099156536
26.05.2025 18:00;33,30873265441287
26.05.2025 18:15;30,435319928880418
26.05.2025 18:30;28,71804251961775
26.05.2025 18:45;25,057970350842474
26.05.2025 19:00;22,27834196624297
26.05.2025 19:15;18,246171133722473
26.05.2025 19:30;17,387799318021617
26.05.2025 19:45;13,364842800130068
26.05.2025 20:00;10,848244293783422
26.05.2025 20:15;6,727986665159318
26.05.2025 20:30;5,011381009267237
26.05.2025 20:45;4,458584506798019
26.05.2025 21:00;2,122506857770449
26.05.2025 21:15;0,6574318149314009
26.05.2025 21:30;1,600418264766103e-23
26.05.2025 21:45;0,0
26.05.2025 22:00;0,0
26.05.2025 22:15;0,0
26.05.2025 22:30;0,0
26.05.2025 22:45;0,0
26.05.2025 23:00;0,0
26.05.2025 23:15;0,0
26.05.2025 23:30;0,0
26.05.2025 23:45;0,0
27.05.2025 00:00;0,0
27.05.2025 00:15;0,0
27.05.2025 00:30;0,0
27.05.2025 00:45;0,0
27.05.2025 01:00;0,0
27.05.2025 01:15;0,0
27.05.2025 01:30;0,0
27.05.2025 01:45;0,0
27.05.2025 02:00;0,0
27.05.2025 02:15;0,0
27.05.2025 02:30;0,0
27.05.2025 02:45;0,0
27.05.2025 03:00;0,0
27.05.2025 03:15;0,0
27.05.2025 03:30;0,0
27.05.2025 03:45;0,0
27.05.2025 04:00;0,0
27.05.2025 04:15;0,0
27.05.2025 04:30;0,0
27.05.2025 04:45;0,0
27.05.2025 05:00;0,0
27.05.2025 05:15;0,6910105596122742
27.05.2025 05:30;1,287232196819207
27.05.2025 05:45;3,5564176935646605
27.05.2025 06:00;5,397402000750479
27.05.2025 06:15;8,029775055063725
27.05.2025 06:30;9,795192425960959
27.05.2025 06:45;10,109889670184979
27.05.2025 07:00;10,963206946909082
27.05.2025 07:15;11,40195230057187
27.05.2025 07:30;9,26307780636235
27.05.2025 07:45;8,108841578568812
27.05.2025 08:00;5,7756288203977455
27.05.2025 08:15;4,05546853354776
27.05.2025 08:30;3,665420415295307
27.05.2025 08:45;5,151295561226664
27.05.2025 09:00;3,661322297270493
27.05.2025 09:15;4,389386112581449
27.05.2025 09:30;2,409178896805359
27.05.2025 09:45;2,7232344826841888
27.05.2025 10:00;4,164036738515843
27.05.2025 10:15;1,8055594433494844
27.05.2025 10:30;1,2822036981479972
27.05.2025 10:45;3,7374900377165527
27.05.2025 11:00;2,876209871484148
27.05.2025 11:15;4,47227226133846
27.05.2025 11:30;5,38761261221405
27.05.2025 11:45;7,431435756968354
27.05.2025 12:00;7,89551189388251
27.05.2025 12:15;9,132066159804307
27.05.2025 12:30;9,184120046451302
27.05.2025 12:45;6,696081095735256
27.05.2025 13:00;4,927017576836991
27.05.2025 13:15;3,3529758404262124
27.05.2025 13:30;1,305425112544012
27.05.2025 13:45;1,262808325480978
27.05.2025 14:00;1,3076006106681741
27.05.2025 14:15;0,9257396863537455
27.05.2025 14:30;1,3218831058050815
27.05.2025 14:45;2,2740716187669148
27.05.2025 15:00;3,3478232832224295
27.05.2025 15:15;6,869780157935737
27.05.2025 15:30;11,204658222763184
27.05.2025 15:45;14,76604837703743
27.05.2025 16:00;20,908893634235753
27.05.2025 16:15;25,833803607501046
27.05.2025 16:30;31,089475335835424
27.05.2025 16:45;35,78296462356104
27.05.2025 17:00;37,70761729710911
27.05.2025 17:15;37,51231501330816
27.05.2025 17:30;39,250291628585416
27.05.2025 17:45;38,882722932065946
27.05.2025 18:00;36,055771610175206
27.05.2025 18:15;34,42594279714278
27.05.2025 18:30;30,30743890609508
27.05.2025 18:45;26,54228692736659
27.05.2025 19:00;24,350023722570608
27.05.2025 19:15;19,6774003018899
27.05.2025 19:30;17,46060013394615
27.05.2025 19:45;15,375030506871706
27.05.2025 20:00;10,154147253142455
27.05.2025 20:15;7,824580093175135
27.05.2025 20:30;5,481301126072314
27.05.2025 20:45;3,944059482330343
27.05.2025 21:00;1,8777032001340128
27.05.2025 21:15;0,7299671502224586
27.05.2025 21:30;1,7769945618119872e-23
27.05.2025 21:45;0,0
27.05.2025 22:00;0,0
27.05.2025 22:15;0,0
27.05.2025 22:30;0,0
27.05.2025 22:45;0,0
27.05.2025 23:00;0,0
27.05.2025 23:15;0,0
27.05.2025 23:30;0,0
27.05.2025 23:45;0,0
28.05.2025 00:00;0,0
28.05.2025 00:15;0,0
28.05.2025 00:30;0,0
28.05.2025 00:45;0,0
28.05.2025 01:00;0,0
28.05.2025 01:15;0,0
28.05.2025 01:30;0,0
28.05.2025 01:45;0,0
28.05.2025 02:00;0,0
28.05.2025 02:15;0,0
28.05.2025 02:30;0,0
28.05.2025 02:45;0,0
28.05.2025 03:00;0,0
28.05.2025 03:15;0,0
28.05.2025 03:30;0,0
28.05.2025 03:45;0,0
28.05.2025 04:00;0,0
28.05.2025 04:15;0,0
28.05.2025 04:30;0,0
28.05.2025 04:45;0,0
28.05.2025 05:00;0,0
28.05.2025 05:15;0,6834439785803084
28.05.2025 05:30;1,8372600061029858
28.05.2025 05:45;4,844906480695737
28.05.2025 06:00;4,449513873189967
28.05.2025 06:15;6,333714925666336
28.05.2025 06:30;7,9406380632904705
28.05.2025 06:45;11,436302137239178
28.05.2025 07:00;10,667649039096702
28.05.2025 07:15;10,799240525883882
28.05.2025 07:30;9,284845274769298
28.05.2025 07:45;6,951417397369012
28.05.2025 08:00;5,608640839993283
28.05.2025 08:15;6,402980135906888
28.05.2025 08:30;5,262185155399636
28.05.2025 08:45;3,4959829278065264
28.05.2025 09:00;4,182828670961063
28.05.2025 09:15;2,62358176993072
28.05.2025 09:30;1,494949339533824
28.05.2025 09:45;3,20546109837566
28.05.2025 10:00;3,27397163435959
28.05.2025 10:15;3,2500909382946195
28.05.2025 10:30;2,2531812367897768
28.05.2025 10:45;2,689070066216923
28.05.2025 11:00;3,941980065915045
28.05.2025 11:15;4,711683746793644
28.05.2025 11:30;5,4587235791900985
28.05.2025 11:45;6,031052620914952
28.05.2025 12:00;8,546857968704025
28.05.2025 12:15;9,911955397181806
28.05.2025 12:30;7,933819037791308
28.05.2025 12:45;7,767977942683554
28.05.2025 13:00;5,589838476870029
28.05.2025 13:15;4,081869753169319
28.05.2025 13:30;2,8907324396229854
28.05.2025 13:45;1,0554086282503907
28.05.2025 14:00;0,07916377411657538
28.05.2025 14:15;0,8187608584131152
28.05.2025 14:30;2,117681018596775
28.05.2025 14:45;1,8835463743955154
28.05.2025 15:00;3,2793283567705886
28.05.2025 15:15;5,041163881960241
28.05.2025 15:30;11,31464236100527
28.05.2025 15:45;15,503866158721637
28.05.2025 16:00;20,882948259707177
28.05.2025 16:15;26,39422599241849
28.05.2025 16:30;30,899701065608703
28.05.2025 16:45;34,13606621732076
28.05.2025 17:00;36,827920377452884
28.05.2025 17:15;38,03005619951572
28.05.2025 17:30;40,350501529950414
28.05.2025 17:45;37,992539970598806
28.05.2025 18:00;35,4897185792296
28.05.2025 18:15;33,68551289004009
28.05.2025 18:30;29,745754664366
28.05.2025 18:45;28,333293727662483
28.05.2025 19:00;23,52290580247493
28.05.2025 19:15;21,02876241581429
28.05.2025 19:30;18,181592374532936
28.05.2025 19:45;14,58508564319223
28.05.2025 20:00;11,431283780183792
28.05.2025 20:15;8,632302620359232
28.05.2025 20:30;6,096284017079547
28.05.2025 20:45;3,5410215549123407
28.05.2025 21:00;1,7957024324789403
28.05.2025 21:15;0,7219739936548795
28.05.2025 21:30;1,7575364317468584e-23
28.05.2025 21:45;0,0
28.05.2025 22:00;0,0
28.05.2025 22:15;0,0
28.05.2025 22:30;0,0
28.05.2025 22:45;0,0
28.05.2025 23:00;0,0
28.05.2025 23:15;0,0
28.05.2025 23:30;0,0
28.05.2025 23:45;0,0
29.05.2025 00:00;0,0
29.05.2025 00:15;0,0
29.05.2025 00:30;0,0
29.05.2025 00:45;0,0
29.05.2025 01:00;0,0
29.05.2025 01:15;0,0
29.05.2025 01:30;0,0
29.05.2025 01:45;0,0
29.05.2025 02:00;0,0
29.05.2025 02:15;0,0
29.05.2025 02:30;0,0
29.05.2025 02:45;0,0
29.05.2025 03:00;0,0
29.05.2025 03:15;0,0
29.05.2025 03:30;0,0
29.05.2025 03:45;0,0
29.05.2025 04:00;0,0
29.05.2025 04:15;0,0
29.05.2025 04:30;0,0
29.05.2025 04:45;0,0
29.05.2025 05:00;0,0
29.05.2025 05:15;0,6929371002590592
29.05.2025 05:30;1,2612723850144478
29.05.2025 05:45;3,6118424883097453
29.05.2025 06:00;5,327326940429641
29.05.2025 06:15;8,54129569439808
29.05.2025 06:30;10,322094759382068
29.05.2025 06:45;9,204115679151059
29.05.2025 07:00;12,88970607511376
29.05.2025 07:15;10,326781945235041
29.05.2025 07:30;10,38614858622705
29.05.2025 07:45;8,39760075487459
29.05.2025 08:00;5,156454241305899
29.05.2025 08:15;5,092533540156028
29.05.2025 08:30;4,272019068088736
29.05.2025 08:45;4,537923228724834
29.05.2025 09:00;3,9428010005589393
29.05.2025 09:15;4,087612195084303
29.05.2025 09:30;2,829223175646815
29.05.2025 09:45;2,4089030666519773
29.05.2025 10:00;3,2633477936282276
29.05.2025 10:15;2,959104847527028
29.05.2025 10:30;3,130221794905553
29.05.2025 10:45;2,379575501323735
29.05.2025 11:00;2,732924788084725
29.05.2025 11:15;4,101870342361262
29.05.2025 11:30;5,379344558400191
29.05.2025 11:45;7,814256828377772
29.05.2025 12:00;9,267943867466656
29.05.2025 12:15;9,175244433140202
29.05.2025 12:30;9,8956201392941
29.05.2025 12:45;8,380462415828179
29.05.2025 13:00;5,602558473203532
29.05.2025 13:15;3,03084564953387
29.05.2025 13:30;3,4147875832214494
29.05.2025 13:45;1,520234254578264
29.05.2025 14:00;1,3161724230950356
29.05.2025 14:15;0,971061155094691
29.05.2025 14:30;0,8932084579274587
29.05.2025 14:45;1,266334149572201
29.05.2025 15:00;4,26046503133545
29.05.2025 15:15;5,8554599231120195
29.05.2025 15:30;12,369581575246356
29.05.2025 15:45;14,37293724142336
29.05.2025 16:00;19,746434317748278
29.05.2025 16:15;26,431125119191275
29.05.2025 16:30;31,990117944800623
29.05.2025 16:45;34,82883900257864
29.05.2025 17:00;37,856261621515
29.05.2025 17:15;37,571267508158755
29.05.2025 17:30;38,566780580437985
29.05.2025 17:45;37,37418645243435
29.05.2025 18:00;34,985312960578995
29.05.2025 18:15;33,90492120082488
29.05.2025 18:30;29,306384561815705
29.05.2025 18:45;26,733526364941287
29.05.2025 19:00;23,942782226795757
29.05.2025 19:15;20,383322550273608
29.05.2025 19:30;17,955073966602363
29.05.2025 19:45;14,72850130821167
29.05.2025 20:00;12,14867731847138
29.05.2025 20:15;9,271208498926018
29.05.2025 20:30;7,019588660695474
29.05.2025 20:45;3,998160135504439
29.05.2025 21:00;2,352080559960177
29.05.2025 21:15;0,7320023020246402
29.05.2025 21:30;1,7819488308963374e-23
29.05.2025 21:45;0,0
29.05.2025 22:00;0,0
29.05.2025 22:15;0,0
29.05.2025 22:30;0,0
29.05.2025 22:45;0,0
29.05.2025 23:00;0,0
29.05.2025 23:15;0,0
29.05.2025 23:30;0,0
29.05.2025 23:45;0,0
30.05.2025 00:00;0,0
30.05.2025 00:15;0,0
30.05.2025 00:30;0,0
30.05.2025 00:45;0,0
30.05.2025 01:00;0,0
30.05.2025 01:15;0,0
30.05.2025 01:30;0,0
30.05.2025 01:45;0,0
30.05.2025 02:00;0,0
30.05.2025 02:15;0,0
30.05.2025 02:30;0,0
30.05.2025 02:45;0,0
30.05.2025 03:00;0,0
30.05.2025 03:15;0,0
30.05.2025 03:30;0,0
30.05.2025 03:45;0,0
30.05.2025 04:00;0,0
30.05.2025 04:15;0,0
30.05.2025 04:30;0,0
30.05.2025 04:45;0,0
30.05.2025 05:00;0,0
30.05.2025 05:15;0,7011870531459956
30.05.2025 05:30;2,645231016290263
30.05.2025 05:45;3,1429503688735316
30.05.2025 06:00;5,630111096324919
30.05.2025 06:15;6,447061712821624
30.05.2025 06:30;8,630682199908247
30.05.2025 06:45;10,01924540883769
30.05.2025 07:00;11,90562330878026
30.05.2025 07:15;11,658519202550783
30.05.2025 07:30;10,008933261550132
30.05.2025 07:45;6,8648489457989745
30.05.2025 08:00;5,70497950230708
30.05.2025 08:15;4,281484187982161
30.05.2025 08:30;5,007823605381975
30.05.2025 08:45;5,024029303661172
30.05.2025 09:00;4,565819966190166
30.05.2025 09:15;2,7602168072085513
30.05.2025 09:30;0,8918260201251571
30.05.2025 09:45;1,3196205129379224
30.05.2025 10:00;3,5209597526772596
30.05.2025 10:15;2,302342605309068
30.05.2025 10:30;2,123613937354211
30.05.2025 10:45;4,028517760090816
30.05.2025 11:00;4,391469547378723
30.05.2025 11:15;4,569957311763245
30.05.2025 11:30;5,677756579737515
30.05.2025 11:45;7,2579290534915195
30.05.2025 12:00;8,845977149037811
30.05.2025 12:15;10,514399986694402
30.05.2025 12:30;9,295593705949763
30.05.2025 12:45;8,019125177745952
30.05.2025 13:00;6,315342609272708
30.05.2025 13:15;2,830330934560011
30.05.2025 13:30;2,867953688976434
30.05.2025 13:45;1,3753563594969958
30.05.2025 14:00;0,0
30.05.2025 14:15;0,0
30.05.2025 14:30;0,8214292469005204
30.05.2025 14:45;2,6935544026441596
30.05.2025 15:00;3,942566685385231
30.05.2025 15:15;6,60914003896852
30.05.2025 15:30;11,715341339923475
30.05.2025 15:45;14,424998352188656
30.05.2025 16:00;20,852974375868346
30.05.2025 16:15;26,59756438319861
30.05.2025 16:30;30,77232909670636
30.05.2025 16:45;35,21758097604857
30.05.2025 17:00;36,78166641689797
30.05.2025 17:15;40,31136429458847
30.05.2025 17:30;39,02872227982106
30.05.2025 17:45;40,0016137745106
30.05.2025 18:00;36,72143366920757
30.05.2025 18:15;34,94536196223826
30.05.2025 18:30;31,2066589158591
30.05.2025 18:45;27,96684543316317
30.05.2025 19:00;24,199531712169218
30.05.2025 19:15;21,298216599899938
30.05.2025 19:30;18,11065247848723
30.05.2025 19:45;14,138421715336708
30.05.2025 20:00;11,57267756189445
30.05.2025 20:15;8,421581200136979
30.05.2025 20:30;7,904850614934574
30.05.2025 20:45;3,9843086577522753
30.05.2025 21:00;3,2467904704744956
30.05.2025 21:15;0,7407173563962052
30.05.2025 21:30;1,8031643119209937e-23
30.05.2025 21:45;0,0
30.05.2025 22:00;0,0
30.05.2025 22:15;0,0
30.05.2025 22:30;0,0
30.05.2025 22:45;0,0
30.05.2025 23:00;0,0
30.05.2025 23:15;0,0
30.05.2025 23:30;0,0
30.05.2025 23:45;0,0
31.05.2025 00:00;0,0
31.05.2025 00:15;0,0
31.05.2025 00:30;0,0
31.05.2025 00:45;0,0
31.05.2025 01:00;0,0
31.05.2025 01:15;0,0
31.05.2025 01:30;0,0
31.05.2025 01:45;0,0
31.05.2025 02:00;0,0
31.05.2025 02:15;0,0
31.05.2025 02:30;0,0
31.05.2025 02:45;0,0
31.05.2025 03:00;0,0
31.05.2025 03:15;0,0
31.05.2025 03:30;0,0
31.05.2025 03:45;0,0
31.05.2025 04:00;0,0
31.05.2025 04:15;0,0
31.05.2025 04:30;0,0
31.05.2025 04:45;0,0
31.05.2025 05:00;0,0
31.05.2025 05:15;0,7907924644457556
31.05.2025 05:30;1,8664665788904036
31.05.2025 05:45;3,6728993685702735
31.05.2025 06:00;6,912555145866154
31.05.2025 06:15;8,540922881275579
31.05.2025 06:30;8,811064127775927
31.05.2025 06:45;10,975706244868295
31.05.2025 07:00;13,768552397971302
31.05.2025 07:15;12,797592417452627
31.05.2025 07:30;10,535911572939586
31.05.2025 07:45;8,688923467210348
31.05.2025 08:00;6,689315253195515
31.05.2025 08:15;5,932657217799417
31.05.2025 08:30;4,0104253755018275
31.05.2025 08:45;4,147268343357524
31.05.2025 09:00;4,506392274912608
31.05.2025 09:15;3,639274309662149
31.05.2025 09:30;3,5688294130497855
31.05.2025 09:45;2,0225356284834826
31.05.2025 10:00;3,0985881757196094
31.05.2025 10:15;3,6774420603607
31.05.2025 10:30;3,3284280592799624
31.05.2025 10:45;3,343900112620859
31.05.2025 11:00;3,8867561934081216
31.05.2025 11:15;4,550259893398257
31.05.2025 11:30;6,584552051147034
31.05.2025 11:45;9,171509127334275
31.05.2025 12:00;9,713759154128175
31.05.2025 12:15;9,97201985872286
31.05.2025 12:30;9,805395700848358
31.05.2025 12:45;8,611326282707992
31.05.2025 13:00;5,937842274786963
31.05.2025 13:15;4,455139186315999
31.05.2025 13:30;3,004514532723519
31.05.2025 13:45;2,405951181010778
31.05.2025 14:00;2,3977442018546955
31.05.2025 14:15;2,0765882354072387
31.05.2025 14:30;1,0761899186356758
31.05.2025 14:45;1,9859162123057108
31.05.2025 15:00;4,303511794641536
31.05.2025 15:15;6,992357077813
31.05.2025 15:30;10,875448510212678
31.05.2025 15:45;16,961086915112777
31.05.2025 16:00;23,20729562763367
31.05.2025 16:15;29,28586318985978
31.05.2025 16:30;35,06495744037306
31.05.2025 16:45;40,5206246409007
31.05.2025 17:00;42,88458579727142
31.05.2025 17:15;46,08000545299366
31.05.2025 17:30;44,67370152413454
31.05.2025 17:45;43,30671849520235
31.05.2025 18:00;41,4426332616836
31.05.2025 18:15;38,77900921649658
31.05.2025 18:30;35,38140727396617
31.05.2025 18:45;32,52889648086966
31.05.2025 19:00;26,552957146842285
31.05.2025 19:15;23,917533563476443
31.05.2025 19:30;19,76731729072209
31.05.2025 19:45;14,995540466170219
31.05.2025 20:00;13,31145687146099
31.05.2025 20:15;10,57761047599293
31.05.2025 20:30;6,293169834513414
31.05.2025 20:45;4,4252201341733555
31.05.2025 21:00;1,162965072622635
31.05.2025 21:15;0,8110458160610456
31.05.2025 21:30;1,974364009284813e-23
31.05.2025 21:45;0,0
31.05.2025 22:00;0,0
31.05.2025 22:15;0,0
31.05.2025 22:30;0,0
31.05.2025 22:45;0,0
31.05.2025 23:00;0,0
31.05.2025 23:15;0,0
31.05.2025 23:30;0,0
31.05.2025 23:45;0,0
