timestamp;installed_capacity_mw
01.05.2025 00:00;100,0
01.05.2025 00:15;100,0
01.05.2025 00:30;100,0
01.05.2025 00:45;100,0
01.05.2025 01:00;100,0
01.05.2025 01:15;100,0
01.05.2025 01:30;100,0
01.05.2025 01:45;100,0
01.05.2025 02:00;100,0
01.05.2025 02:15;100,0
01.05.2025 02:30;100,0
01.05.2025 02:45;100,0
01.05.2025 03:00;100,0
01.05.2025 03:15;100,0
01.05.2025 03:30;100,0
01.05.2025 03:45;100,0
01.05.2025 04:00;100,0
01.05.2025 04:15;100,0
01.05.2025 04:30;100,0
01.05.2025 04:45;100,0
01.05.2025 05:00;100,0
01.05.2025 05:15;100,0
01.05.2025 05:30;100,0
01.05.2025 05:45;100,0
01.05.2025 06:00;100,0
01.05.2025 06:15;100,0
01.05.2025 06:30;100,0
01.05.2025 06:45;100,0
01.05.2025 07:00;100,0
01.05.2025 07:15;100,0
01.05.2025 07:30;100,0
01.05.2025 07:45;100,0
01.05.2025 08:00;100,0
01.05.2025 08:15;100,0
01.05.2025 08:30;100,0
01.05.2025 08:45;100,0
01.05.2025 09:00;100,0
01.05.2025 09:15;100,0
01.05.2025 09:30;100,0
01.05.2025 09:45;100,0
01.05.2025 10:00;100,0
01.05.2025 10:15;100,0
01.05.2025 10:30;100,0
01.05.2025 10:45;100,0
01.05.2025 11:00;100,0
01.05.2025 11:15;100,0
01.05.2025 11:30;100,0
01.05.2025 11:45;100,0
01.05.2025 12:00;100,0
01.05.2025 12:15;100,0
01.05.2025 12:30;100,0
01.05.2025 12:45;100,0
01.05.2025 13:00;100,0
01.05.2025 13:15;100,0
01.05.2025 13:30;100,0
01.05.2025 13:45;100,0
01.05.2025 14:00;100,0
01.05.2025 14:15;100,0
01.05.2025 14:30;100,0
01.05.2025 14:45;100,0
01.05.2025 15:00;100,0
01.05.2025 15:15;100,0
01.05.2025 15:30;100,0
01.05.2025 15:45;100,0
01.05.2025 16:00;100,0
01.05.2025 16:15;100,0
01.05.2025 16:30;100,0
01.05.2025 16:45;100,0
01.05.2025 17:00;100,0
01.05.2025 17:15;100,0
01.05.2025 17:30;100,0
01.05.2025 17:45;100,0
01.05.2025 18:00;100,0
01.05.2025 18:15;100,0
01.05.2025 18:30;100,0
01.05.2025 18:45;100,0
01.05.2025 19:00;100,0
01.05.2025 19:15;100,0
01.05.2025 19:30;100,0
01.05.2025 19:45;100,0
01.05.2025 20:00;100,0
01.05.2025 20:15;100,0
01.05.2025 20:30;100,0
01.05.2025 20:45;100,0
01.05.2025 21:00;100,0
01.05.2025 21:15;100,0
01.05.2025 21:30;100,0
01.05.2025 21:45;100,0
01.05.2025 22:00;100,0
01.05.2025 22:15;100,0
01.05.2025 22:30;100,0
01.05.2025 22:45;100,0
01.05.2025 23:00;100,0
01.05.2025 23:15;100,0
01.05.2025 23:30;100,0
01.05.2025 23:45;100,0
02.05.2025 00:00;100,0
02.05.2025 00:15;100,0
02.05.2025 00:30;100,0
02.05.2025 00:45;100,0
02.05.2025 01:00;100,0
02.05.2025 01:15;100,0
02.05.2025 01:30;100,0
02.05.2025 01:45;100,0
02.05.2025 02:00;100,0
02.05.2025 02:15;100,0
02.05.2025 02:30;100,0
02.05.2025 02:45;100,0
02.05.2025 03:00;100,0
02.05.2025 03:15;100,0
02.05.2025 03:30;100,0
02.05.2025 03:45;100,0
02.05.2025 04:00;100,0
02.05.2025 04:15;100,0
02.05.2025 04:30;100,0
02.05.2025 04:45;100,0
02.05.2025 05:00;100,0
02.05.2025 05:15;100,0
02.05.2025 05:30;100,0
02.05.2025 05:45;100,0
02.05.2025 06:00;100,0
02.05.2025 06:15;100,0
02.05.2025 06:30;100,0
02.05.2025 06:45;100,0
02.05.2025 07:00;100,0
02.05.2025 07:15;100,0
02.05.2025 07:30;100,0
02.05.2025 07:45;100,0
02.05.2025 08:00;100,0
02.05.2025 08:15;100,0
02.05.2025 08:30;100,0
02.05.2025 08:45;100,0
02.05.2025 09:00;100,0
02.05.2025 09:15;100,0
02.05.2025 09:30;100,0
02.05.2025 09:45;100,0
02.05.2025 10:00;100,0
02.05.2025 10:15;100,0
02.05.2025 10:30;100,0
02.05.2025 10:45;100,0
02.05.2025 11:00;100,0
02.05.2025 11:15;100,0
02.05.2025 11:30;100,0
02.05.2025 11:45;100,0
02.05.2025 12:00;100,0
02.05.2025 12:15;100,0
02.05.2025 12:30;100,0
02.05.2025 12:45;100,0
02.05.2025 13:00;100,0
02.05.2025 13:15;100,0
02.05.2025 13:30;100,0
02.05.2025 13:45;100,0
02.05.2025 14:00;100,0
02.05.2025 14:15;100,0
02.05.2025 14:30;100,0
02.05.2025 14:45;100,0
02.05.2025 15:00;100,0
02.05.2025 15:15;100,0
02.05.2025 15:30;100,0
02.05.2025 15:45;100,0
02.05.2025 16:00;100,0
02.05.2025 16:15;100,0
02.05.2025 16:30;100,0
02.05.2025 16:45;100,0
02.05.2025 17:00;100,0
02.05.2025 17:15;100,0
02.05.2025 17:30;100,0
02.05.2025 17:45;100,0
02.05.2025 18:00;100,0
02.05.2025 18:15;100,0
02.05.2025 18:30;100,0
02.05.2025 18:45;100,0
02.05.2025 19:00;100,0
02.05.2025 19:15;100,0
02.05.2025 19:30;100,0
02.05.2025 19:45;100,0
02.05.2025 20:00;100,0
02.05.2025 20:15;100,0
02.05.2025 20:30;100,0
02.05.2025 20:45;100,0
02.05.2025 21:00;100,0
02.05.2025 21:15;100,0
02.05.2025 21:30;100,0
02.05.2025 21:45;100,0
02.05.2025 22:00;100,0
02.05.2025 22:15;100,0
02.05.2025 22:30;100,0
02.05.2025 22:45;100,0
02.05.2025 23:00;100,0
02.05.2025 23:15;100,0
02.05.2025 23:30;100,0
02.05.2025 23:45;100,0
03.05.2025 00:00;100,0
03.05.2025 00:15;100,0
03.05.2025 00:30;100,0
03.05.2025 00:45;100,0
03.05.2025 01:00;100,0
03.05.2025 01:15;100,0
03.05.2025 01:30;100,0
03.05.2025 01:45;100,0
03.05.2025 02:00;100,0
03.05.2025 02:15;100,0
03.05.2025 02:30;100,0
03.05.2025 02:45;100,0
03.05.2025 03:00;100,0
03.05.2025 03:15;100,0
03.05.2025 03:30;100,0
03.05.2025 03:45;100,0
03.05.2025 04:00;100,0
03.05.2025 04:15;100,0
03.05.2025 04:30;100,0
03.05.2025 04:45;100,0
03.05.2025 05:00;100,0
03.05.2025 05:15;100,0
03.05.2025 05:30;100,0
03.05.2025 05:45;100,0
03.05.2025 06:00;100,0
03.05.2025 06:15;100,0
03.05.2025 06:30;100,0
03.05.2025 06:45;100,0
03.05.2025 07:00;100,0
03.05.2025 07:15;100,0
03.05.2025 07:30;100,0
03.05.2025 07:45;100,0
03.05.2025 08:00;100,0
03.05.2025 08:15;100,0
03.05.2025 08:30;100,0
03.05.2025 08:45;100,0
03.05.2025 09:00;100,0
03.05.2025 09:15;100,0
03.05.2025 09:30;100,0
03.05.2025 09:45;100,0
03.05.2025 10:00;100,0
03.05.2025 10:15;100,0
03.05.2025 10:30;100,0
03.05.2025 10:45;100,0
03.05.2025 11:00;100,0
03.05.2025 11:15;100,0
03.05.2025 11:30;100,0
03.05.2025 11:45;100,0
03.05.2025 12:00;100,0
03.05.2025 12:15;100,0
03.05.2025 12:30;100,0
03.05.2025 12:45;100,0
03.05.2025 13:00;100,0
03.05.2025 13:15;100,0
03.05.2025 13:30;100,0
03.05.2025 13:45;100,0
03.05.2025 14:00;100,0
03.05.2025 14:15;100,0
03.05.2025 14:30;100,0
03.05.2025 14:45;100,0
03.05.2025 15:00;100,0
03.05.2025 15:15;100,0
03.05.2025 15:30;100,0
03.05.2025 15:45;100,0
03.05.2025 16:00;100,0
03.05.2025 16:15;100,0
03.05.2025 16:30;100,0
03.05.2025 16:45;100,0
03.05.2025 17:00;100,0
03.05.2025 17:15;100,0
03.05.2025 17:30;100,0
03.05.2025 17:45;100,0
03.05.2025 18:00;100,0
03.05.2025 18:15;100,0
03.05.2025 18:30;100,0
03.05.2025 18:45;100,0
03.05.2025 19:00;100,0
03.05.2025 19:15;100,0
03.05.2025 19:30;100,0
03.05.2025 19:45;100,0
03.05.2025 20:00;100,0
03.05.2025 20:15;100,0
03.05.2025 20:30;100,0
03.05.2025 20:45;100,0
03.05.2025 21:00;100,0
03.05.2025 21:15;100,0
03.05.2025 21:30;100,0
03.05.2025 21:45;100,0
03.05.2025 22:00;100,0
03.05.2025 22:15;100,0
03.05.2025 22:30;100,0
03.05.2025 22:45;100,0
03.05.2025 23:00;100,0
03.05.2025 23:15;100,0
03.05.2025 23:30;100,0
03.05.2025 23:45;100,0
04.05.2025 00:00;100,0
04.05.2025 00:15;100,0
04.05.2025 00:30;100,0
04.05.2025 00:45;100,0
04.05.2025 01:00;100,0
04.05.2025 01:15;100,0
04.05.2025 01:30;100,0
04.05.2025 01:45;100,0
04.05.2025 02:00;100,0
04.05.2025 02:15;100,0
04.05.2025 02:30;100,0
04.05.2025 02:45;100,0
04.05.2025 03:00;100,0
04.05.2025 03:15;100,0
04.05.2025 03:30;100,0
04.05.2025 03:45;100,0
04.05.2025 04:00;100,0
04.05.2025 04:15;100,0
04.05.2025 04:30;100,0
04.05.2025 04:45;100,0
04.05.2025 05:00;100,0
04.05.2025 05:15;100,0
04.05.2025 05:30;100,0
04.05.2025 05:45;100,0
04.05.2025 06:00;100,0
04.05.2025 06:15;100,0
04.05.2025 06:30;100,0
04.05.2025 06:45;100,0
04.05.2025 07:00;100,0
04.05.2025 07:15;100,0
04.05.2025 07:30;100,0
04.05.2025 07:45;100,0
04.05.2025 08:00;100,0
04.05.2025 08:15;100,0
04.05.2025 08:30;100,0
04.05.2025 08:45;100,0
04.05.2025 09:00;100,0
04.05.2025 09:15;100,0
04.05.2025 09:30;100,0
04.05.2025 09:45;100,0
04.05.2025 10:00;100,0
04.05.2025 10:15;100,0
04.05.2025 10:30;100,0
04.05.2025 10:45;100,0
04.05.2025 11:00;100,0
04.05.2025 11:15;100,0
04.05.2025 11:30;100,0
04.05.2025 11:45;100,0
04.05.2025 12:00;100,0
04.05.2025 12:15;100,0
04.05.2025 12:30;100,0
04.05.2025 12:45;100,0
04.05.2025 13:00;100,0
04.05.2025 13:15;100,0
04.05.2025 13:30;100,0
04.05.2025 13:45;100,0
04.05.2025 14:00;100,0
04.05.2025 14:15;100,0
04.05.2025 14:30;100,0
04.05.2025 14:45;100,0
04.05.2025 15:00;100,0
04.05.2025 15:15;100,0
04.05.2025 15:30;100,0
04.05.2025 15:45;100,0
04.05.2025 16:00;100,0
04.05.2025 16:15;100,0
04.05.2025 16:30;100,0
04.05.2025 16:45;100,0
04.05.2025 17:00;100,0
04.05.2025 17:15;100,0
04.05.2025 17:30;100,0
04.05.2025 17:45;100,0
04.05.2025 18:00;100,0
04.05.2025 18:15;100,0
04.05.2025 18:30;100,0
04.05.2025 18:45;100,0
04.05.2025 19:00;100,0
04.05.2025 19:15;100,0
04.05.2025 19:30;100,0
04.05.2025 19:45;100,0
04.05.2025 20:00;100,0
04.05.2025 20:15;100,0
04.05.2025 20:30;100,0
04.05.2025 20:45;100,0
04.05.2025 21:00;100,0
04.05.2025 21:15;100,0
04.05.2025 21:30;100,0
04.05.2025 21:45;100,0
04.05.2025 22:00;100,0
04.05.2025 22:15;100,0
04.05.2025 22:30;100,0
04.05.2025 22:45;100,0
04.05.2025 23:00;100,0
04.05.2025 23:15;100,0
04.05.2025 23:30;100,0
04.05.2025 23:45;100,0
05.05.2025 00:00;100,0
05.05.2025 00:15;100,0
05.05.2025 00:30;100,0
05.05.2025 00:45;100,0
05.05.2025 01:00;100,0
05.05.2025 01:15;100,0
05.05.2025 01:30;100,0
05.05.2025 01:45;100,0
05.05.2025 02:00;100,0
05.05.2025 02:15;100,0
05.05.2025 02:30;100,0
05.05.2025 02:45;100,0
05.05.2025 03:00;100,0
05.05.2025 03:15;100,0
05.05.2025 03:30;100,0
05.05.2025 03:45;100,0
05.05.2025 04:00;100,0
05.05.2025 04:15;100,0
05.05.2025 04:30;100,0
05.05.2025 04:45;100,0
05.05.2025 05:00;100,0
05.05.2025 05:15;100,0
05.05.2025 05:30;100,0
05.05.2025 05:45;100,0
05.05.2025 06:00;100,0
05.05.2025 06:15;100,0
05.05.2025 06:30;100,0
05.05.2025 06:45;100,0
05.05.2025 07:00;100,0
05.05.2025 07:15;100,0
05.05.2025 07:30;100,0
05.05.2025 07:45;100,0
05.05.2025 08:00;100,0
05.05.2025 08:15;100,0
05.05.2025 08:30;100,0
05.05.2025 08:45;100,0
05.05.2025 09:00;100,0
05.05.2025 09:15;100,0
05.05.2025 09:30;100,0
05.05.2025 09:45;100,0
05.05.2025 10:00;100,0
05.05.2025 10:15;100,0
05.05.2025 10:30;100,0
05.05.2025 10:45;100,0
05.05.2025 11:00;100,0
05.05.2025 11:15;100,0
05.05.2025 11:30;100,0
05.05.2025 11:45;100,0
05.05.2025 12:00;100,0
05.05.2025 12:15;100,0
05.05.2025 12:30;100,0
05.05.2025 12:45;100,0
05.05.2025 13:00;100,0
05.05.2025 13:15;100,0
05.05.2025 13:30;100,0
05.05.2025 13:45;100,0
05.05.2025 14:00;100,0
05.05.2025 14:15;100,0
05.05.2025 14:30;100,0
05.05.2025 14:45;100,0
05.05.2025 15:00;100,0
05.05.2025 15:15;100,0
05.05.2025 15:30;100,0
05.05.2025 15:45;100,0
05.05.2025 16:00;100,0
05.05.2025 16:15;100,0
05.05.2025 16:30;100,0
05.05.2025 16:45;100,0
05.05.2025 17:00;100,0
05.05.2025 17:15;100,0
05.05.2025 17:30;100,0
05.05.2025 17:45;100,0
05.05.2025 18:00;100,0
05.05.2025 18:15;100,0
05.05.2025 18:30;100,0
05.05.2025 18:45;100,0
05.05.2025 19:00;100,0
05.05.2025 19:15;100,0
05.05.2025 19:30;100,0
05.05.2025 19:45;100,0
05.05.2025 20:00;100,0
05.05.2025 20:15;100,0
05.05.2025 20:30;100,0
05.05.2025 20:45;100,0
05.05.2025 21:00;100,0
05.05.2025 21:15;100,0
05.05.2025 21:30;100,0
05.05.2025 21:45;100,0
05.05.2025 22:00;100,0
05.05.2025 22:15;100,0
05.05.2025 22:30;100,0
05.05.2025 22:45;100,0
05.05.2025 23:00;100,0
05.05.2025 23:15;100,0
05.05.2025 23:30;100,0
05.05.2025 23:45;100,0
06.05.2025 00:00;100,0
06.05.2025 00:15;100,0
06.05.2025 00:30;100,0
06.05.2025 00:45;100,0
06.05.2025 01:00;100,0
06.05.2025 01:15;100,0
06.05.2025 01:30;100,0
06.05.2025 01:45;100,0
06.05.2025 02:00;100,0
06.05.2025 02:15;100,0
06.05.2025 02:30;100,0
06.05.2025 02:45;100,0
06.05.2025 03:00;100,0
06.05.2025 03:15;100,0
06.05.2025 03:30;100,0
06.05.2025 03:45;100,0
06.05.2025 04:00;100,0
06.05.2025 04:15;100,0
06.05.2025 04:30;100,0
06.05.2025 04:45;100,0
06.05.2025 05:00;100,0
06.05.2025 05:15;100,0
06.05.2025 05:30;100,0
06.05.2025 05:45;100,0
06.05.2025 06:00;100,0
06.05.2025 06:15;100,0
06.05.2025 06:30;100,0
06.05.2025 06:45;100,0
06.05.2025 07:00;100,0
06.05.2025 07:15;100,0
06.05.2025 07:30;100,0
06.05.2025 07:45;100,0
06.05.2025 08:00;100,0
06.05.2025 08:15;100,0
06.05.2025 08:30;100,0
06.05.2025 08:45;100,0
06.05.2025 09:00;100,0
06.05.2025 09:15;100,0
06.05.2025 09:30;100,0
06.05.2025 09:45;100,0
06.05.2025 10:00;100,0
06.05.2025 10:15;100,0
06.05.2025 10:30;100,0
06.05.2025 10:45;100,0
06.05.2025 11:00;100,0
06.05.2025 11:15;100,0
06.05.2025 11:30;100,0
06.05.2025 11:45;100,0
06.05.2025 12:00;100,0
06.05.2025 12:15;100,0
06.05.2025 12:30;100,0
06.05.2025 12:45;100,0
06.05.2025 13:00;100,0
06.05.2025 13:15;100,0
06.05.2025 13:30;100,0
06.05.2025 13:45;100,0
06.05.2025 14:00;100,0
06.05.2025 14:15;100,0
06.05.2025 14:30;100,0
06.05.2025 14:45;100,0
06.05.2025 15:00;100,0
06.05.2025 15:15;100,0
06.05.2025 15:30;100,0
06.05.2025 15:45;100,0
06.05.2025 16:00;100,0
06.05.2025 16:15;100,0
06.05.2025 16:30;100,0
06.05.2025 16:45;100,0
06.05.2025 17:00;100,0
06.05.2025 17:15;100,0
06.05.2025 17:30;100,0
06.05.2025 17:45;100,0
06.05.2025 18:00;100,0
06.05.2025 18:15;100,0
06.05.2025 18:30;100,0
06.05.2025 18:45;100,0
06.05.2025 19:00;100,0
06.05.2025 19:15;100,0
06.05.2025 19:30;100,0
06.05.2025 19:45;100,0
06.05.2025 20:00;100,0
06.05.2025 20:15;100,0
06.05.2025 20:30;100,0
06.05.2025 20:45;100,0
06.05.2025 21:00;100,0
06.05.2025 21:15;100,0
06.05.2025 21:30;100,0
06.05.2025 21:45;100,0
06.05.2025 22:00;100,0
06.05.2025 22:15;100,0
06.05.2025 22:30;100,0
06.05.2025 22:45;100,0
06.05.2025 23:00;100,0
06.05.2025 23:15;100,0
06.05.2025 23:30;100,0
06.05.2025 23:45;100,0
07.05.2025 00:00;100,0
07.05.2025 00:15;100,0
07.05.2025 00:30;100,0
07.05.2025 00:45;100,0
07.05.2025 01:00;100,0
07.05.2025 01:15;100,0
07.05.2025 01:30;100,0
07.05.2025 01:45;100,0
07.05.2025 02:00;100,0
07.05.2025 02:15;100,0
07.05.2025 02:30;100,0
07.05.2025 02:45;100,0
07.05.2025 03:00;100,0
07.05.2025 03:15;100,0
07.05.2025 03:30;100,0
07.05.2025 03:45;100,0
07.05.2025 04:00;100,0
07.05.2025 04:15;100,0
07.05.2025 04:30;100,0
07.05.2025 04:45;100,0
07.05.2025 05:00;100,0
07.05.2025 05:15;100,0
07.05.2025 05:30;100,0
07.05.2025 05:45;100,0
07.05.2025 06:00;100,0
07.05.2025 06:15;100,0
07.05.2025 06:30;100,0
07.05.2025 06:45;100,0
07.05.2025 07:00;100,0
07.05.2025 07:15;100,0
07.05.2025 07:30;100,0
07.05.2025 07:45;100,0
07.05.2025 08:00;100,0
07.05.2025 08:15;100,0
07.05.2025 08:30;100,0
07.05.2025 08:45;100,0
07.05.2025 09:00;100,0
07.05.2025 09:15;100,0
07.05.2025 09:30;100,0
07.05.2025 09:45;100,0
07.05.2025 10:00;100,0
07.05.2025 10:15;100,0
07.05.2025 10:30;100,0
07.05.2025 10:45;100,0
07.05.2025 11:00;100,0
07.05.2025 11:15;100,0
07.05.2025 11:30;100,0
07.05.2025 11:45;100,0
07.05.2025 12:00;100,0
07.05.2025 12:15;100,0
07.05.2025 12:30;100,0
07.05.2025 12:45;100,0
07.05.2025 13:00;100,0
07.05.2025 13:15;100,0
07.05.2025 13:30;100,0
07.05.2025 13:45;100,0
07.05.2025 14:00;100,0
07.05.2025 14:15;100,0
07.05.2025 14:30;100,0
07.05.2025 14:45;100,0
07.05.2025 15:00;100,0
07.05.2025 15:15;100,0
07.05.2025 15:30;100,0
07.05.2025 15:45;100,0
07.05.2025 16:00;100,0
07.05.2025 16:15;100,0
07.05.2025 16:30;100,0
07.05.2025 16:45;100,0
07.05.2025 17:00;100,0
07.05.2025 17:15;100,0
07.05.2025 17:30;100,0
07.05.2025 17:45;100,0
07.05.2025 18:00;100,0
07.05.2025 18:15;100,0
07.05.2025 18:30;100,0
07.05.2025 18:45;100,0
07.05.2025 19:00;100,0
07.05.2025 19:15;100,0
07.05.2025 19:30;100,0
07.05.2025 19:45;100,0
07.05.2025 20:00;100,0
07.05.2025 20:15;100,0
07.05.2025 20:30;100,0
07.05.2025 20:45;100,0
07.05.2025 21:00;100,0
07.05.2025 21:15;100,0
07.05.2025 21:30;100,0
07.05.2025 21:45;100,0
07.05.2025 22:00;100,0
07.05.2025 22:15;100,0
07.05.2025 22:30;100,0
07.05.2025 22:45;100,0
07.05.2025 23:00;100,0
07.05.2025 23:15;100,0
07.05.2025 23:30;100,0
07.05.2025 23:45;100,0
08.05.2025 00:00;100,0
08.05.2025 00:15;100,0
08.05.2025 00:30;100,0
08.05.2025 00:45;100,0
08.05.2025 01:00;100,0
08.05.2025 01:15;100,0
08.05.2025 01:30;100,0
08.05.2025 01:45;100,0
08.05.2025 02:00;100,0
08.05.2025 02:15;100,0
08.05.2025 02:30;100,0
08.05.2025 02:45;100,0
08.05.2025 03:00;100,0
08.05.2025 03:15;100,0
08.05.2025 03:30;100,0
08.05.2025 03:45;100,0
08.05.2025 04:00;100,0
08.05.2025 04:15;100,0
08.05.2025 04:30;100,0
08.05.2025 04:45;100,0
08.05.2025 05:00;100,0
08.05.2025 05:15;100,0
08.05.2025 05:30;100,0
08.05.2025 05:45;100,0
08.05.2025 06:00;100,0
08.05.2025 06:15;100,0
08.05.2025 06:30;100,0
08.05.2025 06:45;100,0
08.05.2025 07:00;100,0
08.05.2025 07:15;100,0
08.05.2025 07:30;100,0
08.05.2025 07:45;100,0
08.05.2025 08:00;100,0
08.05.2025 08:15;100,0
08.05.2025 08:30;100,0
08.05.2025 08:45;100,0
08.05.2025 09:00;100,0
08.05.2025 09:15;100,0
08.05.2025 09:30;100,0
08.05.2025 09:45;100,0
08.05.2025 10:00;100,0
08.05.2025 10:15;100,0
08.05.2025 10:30;100,0
08.05.2025 10:45;100,0
08.05.2025 11:00;100,0
08.05.2025 11:15;100,0
08.05.2025 11:30;100,0
08.05.2025 11:45;100,0
08.05.2025 12:00;100,0
08.05.2025 12:15;100,0
08.05.2025 12:30;100,0
08.05.2025 12:45;100,0
08.05.2025 13:00;100,0
08.05.2025 13:15;100,0
08.05.2025 13:30;100,0
08.05.2025 13:45;100,0
08.05.2025 14:00;100,0
08.05.2025 14:15;100,0
08.05.2025 14:30;100,0
08.05.2025 14:45;100,0
08.05.2025 15:00;100,0
08.05.2025 15:15;100,0
08.05.2025 15:30;100,0
08.05.2025 15:45;100,0
08.05.2025 16:00;100,0
08.05.2025 16:15;100,0
08.05.2025 16:30;100,0
08.05.2025 16:45;100,0
08.05.2025 17:00;100,0
08.05.2025 17:15;100,0
08.05.2025 17:30;100,0
08.05.2025 17:45;100,0
08.05.2025 18:00;100,0
08.05.2025 18:15;100,0
08.05.2025 18:30;100,0
08.05.2025 18:45;100,0
08.05.2025 19:00;100,0
08.05.2025 19:15;100,0
08.05.2025 19:30;100,0
08.05.2025 19:45;100,0
08.05.2025 20:00;100,0
08.05.2025 20:15;100,0
08.05.2025 20:30;100,0
08.05.2025 20:45;100,0
08.05.2025 21:00;100,0
08.05.2025 21:15;100,0
08.05.2025 21:30;100,0
08.05.2025 21:45;100,0
08.05.2025 22:00;100,0
08.05.2025 22:15;100,0
08.05.2025 22:30;100,0
08.05.2025 22:45;100,0
08.05.2025 23:00;100,0
08.05.2025 23:15;100,0
08.05.2025 23:30;100,0
08.05.2025 23:45;100,0
09.05.2025 00:00;100,0
09.05.2025 00:15;100,0
09.05.2025 00:30;100,0
09.05.2025 00:45;100,0
09.05.2025 01:00;100,0
09.05.2025 01:15;100,0
09.05.2025 01:30;100,0
09.05.2025 01:45;100,0
09.05.2025 02:00;100,0
09.05.2025 02:15;100,0
09.05.2025 02:30;100,0
09.05.2025 02:45;100,0
09.05.2025 03:00;100,0
09.05.2025 03:15;100,0
09.05.2025 03:30;100,0
09.05.2025 03:45;100,0
09.05.2025 04:00;100,0
09.05.2025 04:15;100,0
09.05.2025 04:30;100,0
09.05.2025 04:45;100,0
09.05.2025 05:00;100,0
09.05.2025 05:15;100,0
09.05.2025 05:30;100,0
09.05.2025 05:45;100,0
09.05.2025 06:00;100,0
09.05.2025 06:15;100,0
09.05.2025 06:30;100,0
09.05.2025 06:45;100,0
09.05.2025 07:00;100,0
09.05.2025 07:15;100,0
09.05.2025 07:30;100,0
09.05.2025 07:45;100,0
09.05.2025 08:00;100,0
09.05.2025 08:15;100,0
09.05.2025 08:30;100,0
09.05.2025 08:45;100,0
09.05.2025 09:00;100,0
09.05.2025 09:15;100,0
09.05.2025 09:30;100,0
09.05.2025 09:45;100,0
09.05.2025 10:00;100,0
09.05.2025 10:15;100,0
09.05.2025 10:30;100,0
09.05.2025 10:45;100,0
09.05.2025 11:00;100,0
09.05.2025 11:15;100,0
09.05.2025 11:30;100,0
09.05.2025 11:45;100,0
09.05.2025 12:00;100,0
09.05.2025 12:15;100,0
09.05.2025 12:30;100,0
09.05.2025 12:45;100,0
09.05.2025 13:00;100,0
09.05.2025 13:15;100,0
09.05.2025 13:30;100,0
09.05.2025 13:45;100,0
09.05.2025 14:00;100,0
09.05.2025 14:15;100,0
09.05.2025 14:30;100,0
09.05.2025 14:45;100,0
09.05.2025 15:00;100,0
09.05.2025 15:15;100,0
09.05.2025 15:30;100,0
09.05.2025 15:45;100,0
09.05.2025 16:00;100,0
09.05.2025 16:15;100,0
09.05.2025 16:30;100,0
09.05.2025 16:45;100,0
09.05.2025 17:00;100,0
09.05.2025 17:15;100,0
09.05.2025 17:30;100,0
09.05.2025 17:45;100,0
09.05.2025 18:00;100,0
09.05.2025 18:15;100,0
09.05.2025 18:30;100,0
09.05.2025 18:45;100,0
09.05.2025 19:00;100,0
09.05.2025 19:15;100,0
09.05.2025 19:30;100,0
09.05.2025 19:45;100,0
09.05.2025 20:00;100,0
09.05.2025 20:15;100,0
09.05.2025 20:30;100,0
09.05.2025 20:45;100,0
09.05.2025 21:00;100,0
09.05.2025 21:15;100,0
09.05.2025 21:30;100,0
09.05.2025 21:45;100,0
09.05.2025 22:00;100,0
09.05.2025 22:15;100,0
09.05.2025 22:30;100,0
09.05.2025 22:45;100,0
09.05.2025 23:00;100,0
09.05.2025 23:15;100,0
09.05.2025 23:30;100,0
09.05.2025 23:45;100,0
10.05.2025 00:00;100,0
10.05.2025 00:15;100,0
10.05.2025 00:30;100,0
10.05.2025 00:45;100,0
10.05.2025 01:00;100,0
10.05.2025 01:15;100,0
10.05.2025 01:30;100,0
10.05.2025 01:45;100,0
10.05.2025 02:00;100,0
10.05.2025 02:15;100,0
10.05.2025 02:30;100,0
10.05.2025 02:45;100,0
10.05.2025 03:00;100,0
10.05.2025 03:15;100,0
10.05.2025 03:30;100,0
10.05.2025 03:45;100,0
10.05.2025 04:00;100,0
10.05.2025 04:15;100,0
10.05.2025 04:30;100,0
10.05.2025 04:45;100,0
10.05.2025 05:00;100,0
10.05.2025 05:15;100,0
10.05.2025 05:30;100,0
10.05.2025 05:45;100,0
10.05.2025 06:00;100,0
10.05.2025 06:15;100,0
10.05.2025 06:30;100,0
10.05.2025 06:45;100,0
10.05.2025 07:00;100,0
10.05.2025 07:15;100,0
10.05.2025 07:30;100,0
10.05.2025 07:45;100,0
10.05.2025 08:00;100,0
10.05.2025 08:15;100,0
10.05.2025 08:30;100,0
10.05.2025 08:45;100,0
10.05.2025 09:00;100,0
10.05.2025 09:15;100,0
10.05.2025 09:30;100,0
10.05.2025 09:45;100,0
10.05.2025 10:00;100,0
10.05.2025 10:15;100,0
10.05.2025 10:30;100,0
10.05.2025 10:45;100,0
10.05.2025 11:00;100,0
10.05.2025 11:15;100,0
10.05.2025 11:30;100,0
10.05.2025 11:45;100,0
10.05.2025 12:00;100,0
10.05.2025 12:15;100,0
10.05.2025 12:30;100,0
10.05.2025 12:45;100,0
10.05.2025 13:00;100,0
10.05.2025 13:15;100,0
10.05.2025 13:30;100,0
10.05.2025 13:45;100,0
10.05.2025 14:00;100,0
10.05.2025 14:15;100,0
10.05.2025 14:30;100,0
10.05.2025 14:45;100,0
10.05.2025 15:00;100,0
10.05.2025 15:15;100,0
10.05.2025 15:30;100,0
10.05.2025 15:45;100,0
10.05.2025 16:00;100,0
10.05.2025 16:15;100,0
10.05.2025 16:30;100,0
10.05.2025 16:45;100,0
10.05.2025 17:00;100,0
10.05.2025 17:15;100,0
10.05.2025 17:30;100,0
10.05.2025 17:45;100,0
10.05.2025 18:00;100,0
10.05.2025 18:15;100,0
10.05.2025 18:30;100,0
10.05.2025 18:45;100,0
10.05.2025 19:00;100,0
10.05.2025 19:15;100,0
10.05.2025 19:30;100,0
10.05.2025 19:45;100,0
10.05.2025 20:00;100,0
10.05.2025 20:15;100,0
10.05.2025 20:30;100,0
10.05.2025 20:45;100,0
10.05.2025 21:00;100,0
10.05.2025 21:15;100,0
10.05.2025 21:30;100,0
10.05.2025 21:45;100,0
10.05.2025 22:00;100,0
10.05.2025 22:15;100,0
10.05.2025 22:30;100,0
10.05.2025 22:45;100,0
10.05.2025 23:00;100,0
10.05.2025 23:15;100,0
10.05.2025 23:30;100,0
10.05.2025 23:45;100,0
11.05.2025 00:00;100,0
11.05.2025 00:15;100,0
11.05.2025 00:30;100,0
11.05.2025 00:45;100,0
11.05.2025 01:00;100,0
11.05.2025 01:15;100,0
11.05.2025 01:30;100,0
11.05.2025 01:45;100,0
11.05.2025 02:00;100,0
11.05.2025 02:15;100,0
11.05.2025 02:30;100,0
11.05.2025 02:45;100,0
11.05.2025 03:00;100,0
11.05.2025 03:15;100,0
11.05.2025 03:30;100,0
11.05.2025 03:45;100,0
11.05.2025 04:00;100,0
11.05.2025 04:15;100,0
11.05.2025 04:30;100,0
11.05.2025 04:45;100,0
11.05.2025 05:00;100,0
11.05.2025 05:15;100,0
11.05.2025 05:30;100,0
11.05.2025 05:45;100,0
11.05.2025 06:00;100,0
11.05.2025 06:15;100,0
11.05.2025 06:30;100,0
11.05.2025 06:45;100,0
11.05.2025 07:00;100,0
11.05.2025 07:15;100,0
11.05.2025 07:30;100,0
11.05.2025 07:45;100,0
11.05.2025 08:00;100,0
11.05.2025 08:15;100,0
11.05.2025 08:30;100,0
11.05.2025 08:45;100,0
11.05.2025 09:00;100,0
11.05.2025 09:15;100,0
11.05.2025 09:30;100,0
11.05.2025 09:45;100,0
11.05.2025 10:00;100,0
11.05.2025 10:15;100,0
11.05.2025 10:30;100,0
11.05.2025 10:45;100,0
11.05.2025 11:00;100,0
11.05.2025 11:15;100,0
11.05.2025 11:30;100,0
11.05.2025 11:45;100,0
11.05.2025 12:00;100,0
11.05.2025 12:15;100,0
11.05.2025 12:30;100,0
11.05.2025 12:45;100,0
11.05.2025 13:00;100,0
11.05.2025 13:15;100,0
11.05.2025 13:30;100,0
11.05.2025 13:45;100,0
11.05.2025 14:00;100,0
11.05.2025 14:15;100,0
11.05.2025 14:30;100,0
11.05.2025 14:45;100,0
11.05.2025 15:00;100,0
11.05.2025 15:15;100,0
11.05.2025 15:30;100,0
11.05.2025 15:45;100,0
11.05.2025 16:00;100,0
11.05.2025 16:15;100,0
11.05.2025 16:30;100,0
11.05.2025 16:45;100,0
11.05.2025 17:00;100,0
11.05.2025 17:15;100,0
11.05.2025 17:30;100,0
11.05.2025 17:45;100,0
11.05.2025 18:00;100,0
11.05.2025 18:15;100,0
11.05.2025 18:30;100,0
11.05.2025 18:45;100,0
11.05.2025 19:00;100,0
11.05.2025 19:15;100,0
11.05.2025 19:30;100,0
11.05.2025 19:45;100,0
11.05.2025 20:00;100,0
11.05.2025 20:15;100,0
11.05.2025 20:30;100,0
11.05.2025 20:45;100,0
11.05.2025 21:00;100,0
11.05.2025 21:15;100,0
11.05.2025 21:30;100,0
11.05.2025 21:45;100,0
11.05.2025 22:00;100,0
11.05.2025 22:15;100,0
11.05.2025 22:30;100,0
11.05.2025 22:45;100,0
11.05.2025 23:00;100,0
11.05.2025 23:15;100,0
11.05.2025 23:30;100,0
11.05.2025 23:45;100,0
12.05.2025 00:00;100,0
12.05.2025 00:15;100,0
12.05.2025 00:30;100,0
12.05.2025 00:45;100,0
12.05.2025 01:00;100,0
12.05.2025 01:15;100,0
12.05.2025 01:30;100,0
12.05.2025 01:45;100,0
12.05.2025 02:00;100,0
12.05.2025 02:15;100,0
12.05.2025 02:30;100,0
12.05.2025 02:45;100,0
12.05.2025 03:00;100,0
12.05.2025 03:15;100,0
12.05.2025 03:30;100,0
12.05.2025 03:45;100,0
12.05.2025 04:00;100,0
12.05.2025 04:15;100,0
12.05.2025 04:30;100,0
12.05.2025 04:45;100,0
12.05.2025 05:00;100,0
12.05.2025 05:15;100,0
12.05.2025 05:30;100,0
12.05.2025 05:45;100,0
12.05.2025 06:00;100,0
12.05.2025 06:15;100,0
12.05.2025 06:30;100,0
12.05.2025 06:45;100,0
12.05.2025 07:00;100,0
12.05.2025 07:15;100,0
12.05.2025 07:30;100,0
12.05.2025 07:45;100,0
12.05.2025 08:00;100,0
12.05.2025 08:15;100,0
12.05.2025 08:30;100,0
12.05.2025 08:45;100,0
12.05.2025 09:00;100,0
12.05.2025 09:15;100,0
12.05.2025 09:30;100,0
12.05.2025 09:45;100,0
12.05.2025 10:00;100,0
12.05.2025 10:15;100,0
12.05.2025 10:30;100,0
12.05.2025 10:45;100,0
12.05.2025 11:00;100,0
12.05.2025 11:15;100,0
12.05.2025 11:30;100,0
12.05.2025 11:45;100,0
12.05.2025 12:00;100,0
12.05.2025 12:15;100,0
12.05.2025 12:30;100,0
12.05.2025 12:45;100,0
12.05.2025 13:00;100,0
12.05.2025 13:15;100,0
12.05.2025 13:30;100,0
12.05.2025 13:45;100,0
12.05.2025 14:00;100,0
12.05.2025 14:15;100,0
12.05.2025 14:30;100,0
12.05.2025 14:45;100,0
12.05.2025 15:00;100,0
12.05.2025 15:15;100,0
12.05.2025 15:30;100,0
12.05.2025 15:45;100,0
12.05.2025 16:00;100,0
12.05.2025 16:15;100,0
12.05.2025 16:30;100,0
12.05.2025 16:45;100,0
12.05.2025 17:00;100,0
12.05.2025 17:15;100,0
12.05.2025 17:30;100,0
12.05.2025 17:45;100,0
12.05.2025 18:00;100,0
12.05.2025 18:15;100,0
12.05.2025 18:30;100,0
12.05.2025 18:45;100,0
12.05.2025 19:00;100,0
12.05.2025 19:15;100,0
12.05.2025 19:30;100,0
12.05.2025 19:45;100,0
12.05.2025 20:00;100,0
12.05.2025 20:15;100,0
12.05.2025 20:30;100,0
12.05.2025 20:45;100,0
12.05.2025 21:00;100,0
12.05.2025 21:15;100,0
12.05.2025 21:30;100,0
12.05.2025 21:45;100,0
12.05.2025 22:00;100,0
12.05.2025 22:15;100,0
12.05.2025 22:30;100,0
12.05.2025 22:45;100,0
12.05.2025 23:00;100,0
12.05.2025 23:15;100,0
12.05.2025 23:30;100,0
12.05.2025 23:45;100,0
13.05.2025 00:00;100,0
13.05.2025 00:15;100,0
13.05.2025 00:30;100,0
13.05.2025 00:45;100,0
13.05.2025 01:00;100,0
13.05.2025 01:15;100,0
13.05.2025 01:30;100,0
13.05.2025 01:45;100,0
13.05.2025 02:00;100,0
13.05.2025 02:15;100,0
13.05.2025 02:30;100,0
13.05.2025 02:45;100,0
13.05.2025 03:00;100,0
13.05.2025 03:15;100,0
13.05.2025 03:30;100,0
13.05.2025 03:45;100,0
13.05.2025 04:00;100,0
13.05.2025 04:15;100,0
13.05.2025 04:30;100,0
13.05.2025 04:45;100,0
13.05.2025 05:00;100,0
13.05.2025 05:15;100,0
13.05.2025 05:30;100,0
13.05.2025 05:45;100,0
13.05.2025 06:00;100,0
13.05.2025 06:15;100,0
13.05.2025 06:30;100,0
13.05.2025 06:45;100,0
13.05.2025 07:00;100,0
13.05.2025 07:15;100,0
13.05.2025 07:30;100,0
13.05.2025 07:45;100,0
13.05.2025 08:00;100,0
13.05.2025 08:15;100,0
13.05.2025 08:30;100,0
13.05.2025 08:45;100,0
13.05.2025 09:00;100,0
13.05.2025 09:15;100,0
13.05.2025 09:30;100,0
13.05.2025 09:45;100,0
13.05.2025 10:00;100,0
13.05.2025 10:15;100,0
13.05.2025 10:30;100,0
13.05.2025 10:45;100,0
13.05.2025 11:00;100,0
13.05.2025 11:15;100,0
13.05.2025 11:30;100,0
13.05.2025 11:45;100,0
13.05.2025 12:00;100,0
13.05.2025 12:15;100,0
13.05.2025 12:30;100,0
13.05.2025 12:45;100,0
13.05.2025 13:00;100,0
13.05.2025 13:15;100,0
13.05.2025 13:30;100,0
13.05.2025 13:45;100,0
13.05.2025 14:00;100,0
13.05.2025 14:15;100,0
13.05.2025 14:30;100,0
13.05.2025 14:45;100,0
13.05.2025 15:00;100,0
13.05.2025 15:15;100,0
13.05.2025 15:30;100,0
13.05.2025 15:45;100,0
13.05.2025 16:00;100,0
13.05.2025 16:15;100,0
13.05.2025 16:30;100,0
13.05.2025 16:45;100,0
13.05.2025 17:00;100,0
13.05.2025 17:15;100,0
13.05.2025 17:30;100,0
13.05.2025 17:45;100,0
13.05.2025 18:00;100,0
13.05.2025 18:15;100,0
13.05.2025 18:30;100,0
13.05.2025 18:45;100,0
13.05.2025 19:00;100,0
13.05.2025 19:15;100,0
13.05.2025 19:30;100,0
13.05.2025 19:45;100,0
13.05.2025 20:00;100,0
13.05.2025 20:15;100,0
13.05.2025 20:30;100,0
13.05.2025 20:45;100,0
13.05.2025 21:00;100,0
13.05.2025 21:15;100,0
13.05.2025 21:30;100,0
13.05.2025 21:45;100,0
13.05.2025 22:00;100,0
13.05.2025 22:15;100,0
13.05.2025 22:30;100,0
13.05.2025 22:45;100,0
13.05.2025 23:00;100,0
13.05.2025 23:15;100,0
13.05.2025 23:30;100,0
13.05.2025 23:45;100,0
14.05.2025 00:00;100,0
14.05.2025 00:15;100,0
14.05.2025 00:30;100,0
14.05.2025 00:45;100,0
14.05.2025 01:00;100,0
14.05.2025 01:15;100,0
14.05.2025 01:30;100,0
14.05.2025 01:45;100,0
14.05.2025 02:00;100,0
14.05.2025 02:15;100,0
14.05.2025 02:30;100,0
14.05.2025 02:45;100,0
14.05.2025 03:00;100,0
14.05.2025 03:15;100,0
14.05.2025 03:30;100,0
14.05.2025 03:45;100,0
14.05.2025 04:00;100,0
14.05.2025 04:15;100,0
14.05.2025 04:30;100,0
14.05.2025 04:45;100,0
14.05.2025 05:00;100,0
14.05.2025 05:15;100,0
14.05.2025 05:30;100,0
14.05.2025 05:45;100,0
14.05.2025 06:00;100,0
14.05.2025 06:15;100,0
14.05.2025 06:30;100,0
14.05.2025 06:45;100,0
14.05.2025 07:00;100,0
14.05.2025 07:15;100,0
14.05.2025 07:30;100,0
14.05.2025 07:45;100,0
14.05.2025 08:00;100,0
14.05.2025 08:15;100,0
14.05.2025 08:30;100,0
14.05.2025 08:45;100,0
14.05.2025 09:00;100,0
14.05.2025 09:15;100,0
14.05.2025 09:30;100,0
14.05.2025 09:45;100,0
14.05.2025 10:00;100,0
14.05.2025 10:15;100,0
14.05.2025 10:30;100,0
14.05.2025 10:45;100,0
14.05.2025 11:00;100,0
14.05.2025 11:15;100,0
14.05.2025 11:30;100,0
14.05.2025 11:45;100,0
14.05.2025 12:00;100,0
14.05.2025 12:15;100,0
14.05.2025 12:30;100,0
14.05.2025 12:45;100,0
14.05.2025 13:00;100,0
14.05.2025 13:15;100,0
14.05.2025 13:30;100,0
14.05.2025 13:45;100,0
14.05.2025 14:00;100,0
14.05.2025 14:15;100,0
14.05.2025 14:30;100,0
14.05.2025 14:45;100,0
14.05.2025 15:00;100,0
14.05.2025 15:15;100,0
14.05.2025 15:30;100,0
14.05.2025 15:45;100,0
14.05.2025 16:00;100,0
14.05.2025 16:15;100,0
14.05.2025 16:30;100,0
14.05.2025 16:45;100,0
14.05.2025 17:00;100,0
14.05.2025 17:15;100,0
14.05.2025 17:30;100,0
14.05.2025 17:45;100,0
14.05.2025 18:00;100,0
14.05.2025 18:15;100,0
14.05.2025 18:30;100,0
14.05.2025 18:45;100,0
14.05.2025 19:00;100,0
14.05.2025 19:15;100,0
14.05.2025 19:30;100,0
14.05.2025 19:45;100,0
14.05.2025 20:00;100,0
14.05.2025 20:15;100,0
14.05.2025 20:30;100,0
14.05.2025 20:45;100,0
14.05.2025 21:00;100,0
14.05.2025 21:15;100,0
14.05.2025 21:30;100,0
14.05.2025 21:45;100,0
14.05.2025 22:00;100,0
14.05.2025 22:15;100,0
14.05.2025 22:30;100,0
14.05.2025 22:45;100,0
14.05.2025 23:00;100,0
14.05.2025 23:15;100,0
14.05.2025 23:30;100,0
14.05.2025 23:45;100,0
15.05.2025 00:00;100,0
15.05.2025 00:15;100,0
15.05.2025 00:30;100,0
15.05.2025 00:45;100,0
15.05.2025 01:00;100,0
15.05.2025 01:15;100,0
15.05.2025 01:30;100,0
15.05.2025 01:45;100,0
15.05.2025 02:00;100,0
15.05.2025 02:15;100,0
15.05.2025 02:30;100,0
15.05.2025 02:45;100,0
15.05.2025 03:00;100,0
15.05.2025 03:15;100,0
15.05.2025 03:30;100,0
15.05.2025 03:45;100,0
15.05.2025 04:00;100,0
15.05.2025 04:15;100,0
15.05.2025 04:30;100,0
15.05.2025 04:45;100,0
15.05.2025 05:00;100,0
15.05.2025 05:15;100,0
15.05.2025 05:30;100,0
15.05.2025 05:45;100,0
15.05.2025 06:00;100,0
15.05.2025 06:15;100,0
15.05.2025 06:30;100,0
15.05.2025 06:45;100,0
15.05.2025 07:00;100,0
15.05.2025 07:15;100,0
15.05.2025 07:30;100,0
15.05.2025 07:45;100,0
15.05.2025 08:00;100,0
15.05.2025 08:15;100,0
15.05.2025 08:30;100,0
15.05.2025 08:45;100,0
15.05.2025 09:00;100,0
15.05.2025 09:15;100,0
15.05.2025 09:30;100,0
15.05.2025 09:45;100,0
15.05.2025 10:00;100,0
15.05.2025 10:15;100,0
15.05.2025 10:30;100,0
15.05.2025 10:45;100,0
15.05.2025 11:00;100,0
15.05.2025 11:15;100,0
15.05.2025 11:30;100,0
15.05.2025 11:45;100,0
15.05.2025 12:00;100,0
15.05.2025 12:15;100,0
15.05.2025 12:30;100,0
15.05.2025 12:45;100,0
15.05.2025 13:00;100,0
15.05.2025 13:15;100,0
15.05.2025 13:30;100,0
15.05.2025 13:45;100,0
15.05.2025 14:00;100,0
15.05.2025 14:15;100,0
15.05.2025 14:30;100,0
15.05.2025 14:45;100,0
15.05.2025 15:00;100,0
15.05.2025 15:15;100,0
15.05.2025 15:30;100,0
15.05.2025 15:45;100,0
15.05.2025 16:00;100,0
15.05.2025 16:15;100,0
15.05.2025 16:30;100,0
15.05.2025 16:45;100,0
15.05.2025 17:00;100,0
15.05.2025 17:15;100,0
15.05.2025 17:30;100,0
15.05.2025 17:45;100,0
15.05.2025 18:00;100,0
15.05.2025 18:15;100,0
15.05.2025 18:30;100,0
15.05.2025 18:45;100,0
15.05.2025 19:00;100,0
15.05.2025 19:15;100,0
15.05.2025 19:30;100,0
15.05.2025 19:45;100,0
15.05.2025 20:00;100,0
15.05.2025 20:15;100,0
15.05.2025 20:30;100,0
15.05.2025 20:45;100,0
15.05.2025 21:00;100,0
15.05.2025 21:15;100,0
15.05.2025 21:30;100,0
15.05.2025 21:45;100,0
15.05.2025 22:00;100,0
15.05.2025 22:15;100,0
15.05.2025 22:30;100,0
15.05.2025 22:45;100,0
15.05.2025 23:00;100,0
15.05.2025 23:15;100,0
15.05.2025 23:30;100,0
15.05.2025 23:45;100,0
16.05.2025 00:00;100,0
16.05.2025 00:15;100,0
16.05.2025 00:30;100,0
16.05.2025 00:45;100,0
16.05.2025 01:00;100,0
16.05.2025 01:15;100,0
16.05.2025 01:30;100,0
16.05.2025 01:45;100,0
16.05.2025 02:00;100,0
16.05.2025 02:15;100,0
16.05.2025 02:30;100,0
16.05.2025 02:45;100,0
16.05.2025 03:00;100,0
16.05.2025 03:15;100,0
16.05.2025 03:30;100,0
16.05.2025 03:45;100,0
16.05.2025 04:00;100,0
16.05.2025 04:15;100,0
16.05.2025 04:30;100,0
16.05.2025 04:45;100,0
16.05.2025 05:00;100,0
16.05.2025 05:15;100,0
16.05.2025 05:30;100,0
16.05.2025 05:45;100,0
16.05.2025 06:00;100,0
16.05.2025 06:15;100,0
16.05.2025 06:30;100,0
16.05.2025 06:45;100,0
16.05.2025 07:00;100,0
16.05.2025 07:15;100,0
16.05.2025 07:30;100,0
16.05.2025 07:45;100,0
16.05.2025 08:00;100,0
16.05.2025 08:15;100,0
16.05.2025 08:30;100,0
16.05.2025 08:45;100,0
16.05.2025 09:00;100,0
16.05.2025 09:15;100,0
16.05.2025 09:30;100,0
16.05.2025 09:45;100,0
16.05.2025 10:00;100,0
16.05.2025 10:15;100,0
16.05.2025 10:30;100,0
16.05.2025 10:45;100,0
16.05.2025 11:00;100,0
16.05.2025 11:15;100,0
16.05.2025 11:30;100,0
16.05.2025 11:45;100,0
16.05.2025 12:00;100,0
16.05.2025 12:15;100,0
16.05.2025 12:30;100,0
16.05.2025 12:45;100,0
16.05.2025 13:00;100,0
16.05.2025 13:15;100,0
16.05.2025 13:30;100,0
16.05.2025 13:45;100,0
16.05.2025 14:00;100,0
16.05.2025 14:15;100,0
16.05.2025 14:30;100,0
16.05.2025 14:45;100,0
16.05.2025 15:00;100,0
16.05.2025 15:15;100,0
16.05.2025 15:30;100,0
16.05.2025 15:45;100,0
16.05.2025 16:00;100,0
16.05.2025 16:15;100,0
16.05.2025 16:30;100,0
16.05.2025 16:45;100,0
16.05.2025 17:00;100,0
16.05.2025 17:15;100,0
16.05.2025 17:30;100,0
16.05.2025 17:45;100,0
16.05.2025 18:00;100,0
16.05.2025 18:15;100,0
16.05.2025 18:30;100,0
16.05.2025 18:45;100,0
16.05.2025 19:00;100,0
16.05.2025 19:15;100,0
16.05.2025 19:30;100,0
16.05.2025 19:45;100,0
16.05.2025 20:00;100,0
16.05.2025 20:15;100,0
16.05.2025 20:30;100,0
16.05.2025 20:45;100,0
16.05.2025 21:00;100,0
16.05.2025 21:15;100,0
16.05.2025 21:30;100,0
16.05.2025 21:45;100,0
16.05.2025 22:00;100,0
16.05.2025 22:15;100,0
16.05.2025 22:30;100,0
16.05.2025 22:45;100,0
16.05.2025 23:00;100,0
16.05.2025 23:15;100,0
16.05.2025 23:30;100,0
16.05.2025 23:45;100,0
17.05.2025 00:00;100,0
17.05.2025 00:15;100,0
17.05.2025 00:30;100,0
17.05.2025 00:45;100,0
17.05.2025 01:00;100,0
17.05.2025 01:15;100,0
17.05.2025 01:30;100,0
17.05.2025 01:45;100,0
17.05.2025 02:00;100,0
17.05.2025 02:15;100,0
17.05.2025 02:30;100,0
17.05.2025 02:45;100,0
17.05.2025 03:00;100,0
17.05.2025 03:15;100,0
17.05.2025 03:30;100,0
17.05.2025 03:45;100,0
17.05.2025 04:00;100,0
17.05.2025 04:15;100,0
17.05.2025 04:30;100,0
17.05.2025 04:45;100,0
17.05.2025 05:00;100,0
17.05.2025 05:15;100,0
17.05.2025 05:30;100,0
17.05.2025 05:45;100,0
17.05.2025 06:00;100,0
17.05.2025 06:15;100,0
17.05.2025 06:30;100,0
17.05.2025 06:45;100,0
17.05.2025 07:00;100,0
17.05.2025 07:15;100,0
17.05.2025 07:30;100,0
17.05.2025 07:45;100,0
17.05.2025 08:00;100,0
17.05.2025 08:15;100,0
17.05.2025 08:30;100,0
17.05.2025 08:45;100,0
17.05.2025 09:00;100,0
17.05.2025 09:15;100,0
17.05.2025 09:30;100,0
17.05.2025 09:45;100,0
17.05.2025 10:00;100,0
17.05.2025 10:15;100,0
17.05.2025 10:30;100,0
17.05.2025 10:45;100,0
17.05.2025 11:00;100,0
17.05.2025 11:15;100,0
17.05.2025 11:30;100,0
17.05.2025 11:45;100,0
17.05.2025 12:00;100,0
17.05.2025 12:15;100,0
17.05.2025 12:30;100,0
17.05.2025 12:45;100,0
17.05.2025 13:00;100,0
17.05.2025 13:15;100,0
17.05.2025 13:30;100,0
17.05.2025 13:45;100,0
17.05.2025 14:00;100,0
17.05.2025 14:15;100,0
17.05.2025 14:30;100,0
17.05.2025 14:45;100,0
17.05.2025 15:00;100,0
17.05.2025 15:15;100,0
17.05.2025 15:30;100,0
17.05.2025 15:45;100,0
17.05.2025 16:00;100,0
17.05.2025 16:15;100,0
17.05.2025 16:30;100,0
17.05.2025 16:45;100,0
17.05.2025 17:00;100,0
17.05.2025 17:15;100,0
17.05.2025 17:30;100,0
17.05.2025 17:45;100,0
17.05.2025 18:00;100,0
17.05.2025 18:15;100,0
17.05.2025 18:30;100,0
17.05.2025 18:45;100,0
17.05.2025 19:00;100,0
17.05.2025 19:15;100,0
17.05.2025 19:30;100,0
17.05.2025 19:45;100,0
17.05.2025 20:00;100,0
17.05.2025 20:15;100,0
17.05.2025 20:30;100,0
17.05.2025 20:45;100,0
17.05.2025 21:00;100,0
17.05.2025 21:15;100,0
17.05.2025 21:30;100,0
17.05.2025 21:45;100,0
17.05.2025 22:00;100,0
17.05.2025 22:15;100,0
17.05.2025 22:30;100,0
17.05.2025 22:45;100,0
17.05.2025 23:00;100,0
17.05.2025 23:15;100,0
17.05.2025 23:30;100,0
17.05.2025 23:45;100,0
18.05.2025 00:00;100,0
18.05.2025 00:15;100,0
18.05.2025 00:30;100,0
18.05.2025 00:45;100,0
18.05.2025 01:00;100,0
18.05.2025 01:15;100,0
18.05.2025 01:30;100,0
18.05.2025 01:45;100,0
18.05.2025 02:00;100,0
18.05.2025 02:15;100,0
18.05.2025 02:30;100,0
18.05.2025 02:45;100,0
18.05.2025 03:00;100,0
18.05.2025 03:15;100,0
18.05.2025 03:30;100,0
18.05.2025 03:45;100,0
18.05.2025 04:00;100,0
18.05.2025 04:15;100,0
18.05.2025 04:30;100,0
18.05.2025 04:45;100,0
18.05.2025 05:00;100,0
18.05.2025 05:15;100,0
18.05.2025 05:30;100,0
18.05.2025 05:45;100,0
18.05.2025 06:00;100,0
18.05.2025 06:15;100,0
18.05.2025 06:30;100,0
18.05.2025 06:45;100,0
18.05.2025 07:00;100,0
18.05.2025 07:15;100,0
18.05.2025 07:30;100,0
18.05.2025 07:45;100,0
18.05.2025 08:00;100,0
18.05.2025 08:15;100,0
18.05.2025 08:30;100,0
18.05.2025 08:45;100,0
18.05.2025 09:00;100,0
18.05.2025 09:15;100,0
18.05.2025 09:30;100,0
18.05.2025 09:45;100,0
18.05.2025 10:00;100,0
18.05.2025 10:15;100,0
18.05.2025 10:30;100,0
18.05.2025 10:45;100,0
18.05.2025 11:00;100,0
18.05.2025 11:15;100,0
18.05.2025 11:30;100,0
18.05.2025 11:45;100,0
18.05.2025 12:00;100,0
18.05.2025 12:15;100,0
18.05.2025 12:30;100,0
18.05.2025 12:45;100,0
18.05.2025 13:00;100,0
18.05.2025 13:15;100,0
18.05.2025 13:30;100,0
18.05.2025 13:45;100,0
18.05.2025 14:00;100,0
18.05.2025 14:15;100,0
18.05.2025 14:30;100,0
18.05.2025 14:45;100,0
18.05.2025 15:00;100,0
18.05.2025 15:15;100,0
18.05.2025 15:30;100,0
18.05.2025 15:45;100,0
18.05.2025 16:00;100,0
18.05.2025 16:15;100,0
18.05.2025 16:30;100,0
18.05.2025 16:45;100,0
18.05.2025 17:00;100,0
18.05.2025 17:15;100,0
18.05.2025 17:30;100,0
18.05.2025 17:45;100,0
18.05.2025 18:00;100,0
18.05.2025 18:15;100,0
18.05.2025 18:30;100,0
18.05.2025 18:45;100,0
18.05.2025 19:00;100,0
18.05.2025 19:15;100,0
18.05.2025 19:30;100,0
18.05.2025 19:45;100,0
18.05.2025 20:00;100,0
18.05.2025 20:15;100,0
18.05.2025 20:30;100,0
18.05.2025 20:45;100,0
18.05.2025 21:00;100,0
18.05.2025 21:15;100,0
18.05.2025 21:30;100,0
18.05.2025 21:45;100,0
18.05.2025 22:00;100,0
18.05.2025 22:15;100,0
18.05.2025 22:30;100,0
18.05.2025 22:45;100,0
18.05.2025 23:00;100,0
18.05.2025 23:15;100,0
18.05.2025 23:30;100,0
18.05.2025 23:45;100,0
19.05.2025 00:00;100,0
19.05.2025 00:15;100,0
19.05.2025 00:30;100,0
19.05.2025 00:45;100,0
19.05.2025 01:00;100,0
19.05.2025 01:15;100,0
19.05.2025 01:30;100,0
19.05.2025 01:45;100,0
19.05.2025 02:00;100,0
19.05.2025 02:15;100,0
19.05.2025 02:30;100,0
19.05.2025 02:45;100,0
19.05.2025 03:00;100,0
19.05.2025 03:15;100,0
19.05.2025 03:30;100,0
19.05.2025 03:45;100,0
19.05.2025 04:00;100,0
19.05.2025 04:15;100,0
19.05.2025 04:30;100,0
19.05.2025 04:45;100,0
19.05.2025 05:00;100,0
19.05.2025 05:15;100,0
19.05.2025 05:30;100,0
19.05.2025 05:45;100,0
19.05.2025 06:00;100,0
19.05.2025 06:15;100,0
19.05.2025 06:30;100,0
19.05.2025 06:45;100,0
19.05.2025 07:00;100,0
19.05.2025 07:15;100,0
19.05.2025 07:30;100,0
19.05.2025 07:45;100,0
19.05.2025 08:00;100,0
19.05.2025 08:15;100,0
19.05.2025 08:30;100,0
19.05.2025 08:45;100,0
19.05.2025 09:00;100,0
19.05.2025 09:15;100,0
19.05.2025 09:30;100,0
19.05.2025 09:45;100,0
19.05.2025 10:00;100,0
19.05.2025 10:15;100,0
19.05.2025 10:30;100,0
19.05.2025 10:45;100,0
19.05.2025 11:00;100,0
19.05.2025 11:15;100,0
19.05.2025 11:30;100,0
19.05.2025 11:45;100,0
19.05.2025 12:00;100,0
19.05.2025 12:15;100,0
19.05.2025 12:30;100,0
19.05.2025 12:45;100,0
19.05.2025 13:00;100,0
19.05.2025 13:15;100,0
19.05.2025 13:30;100,0
19.05.2025 13:45;100,0
19.05.2025 14:00;100,0
19.05.2025 14:15;100,0
19.05.2025 14:30;100,0
19.05.2025 14:45;100,0
19.05.2025 15:00;100,0
19.05.2025 15:15;100,0
19.05.2025 15:30;100,0
19.05.2025 15:45;100,0
19.05.2025 16:00;100,0
19.05.2025 16:15;100,0
19.05.2025 16:30;100,0
19.05.2025 16:45;100,0
19.05.2025 17:00;100,0
19.05.2025 17:15;100,0
19.05.2025 17:30;100,0
19.05.2025 17:45;100,0
19.05.2025 18:00;100,0
19.05.2025 18:15;100,0
19.05.2025 18:30;100,0
19.05.2025 18:45;100,0
19.05.2025 19:00;100,0
19.05.2025 19:15;100,0
19.05.2025 19:30;100,0
19.05.2025 19:45;100,0
19.05.2025 20:00;100,0
19.05.2025 20:15;100,0
19.05.2025 20:30;100,0
19.05.2025 20:45;100,0
19.05.2025 21:00;100,0
19.05.2025 21:15;100,0
19.05.2025 21:30;100,0
19.05.2025 21:45;100,0
19.05.2025 22:00;100,0
19.05.2025 22:15;100,0
19.05.2025 22:30;100,0
19.05.2025 22:45;100,0
19.05.2025 23:00;100,0
19.05.2025 23:15;100,0
19.05.2025 23:30;100,0
19.05.2025 23:45;100,0
20.05.2025 00:00;100,0
20.05.2025 00:15;100,0
20.05.2025 00:30;100,0
20.05.2025 00:45;100,0
20.05.2025 01:00;100,0
20.05.2025 01:15;100,0
20.05.2025 01:30;100,0
20.05.2025 01:45;100,0
20.05.2025 02:00;100,0
20.05.2025 02:15;100,0
20.05.2025 02:30;100,0
20.05.2025 02:45;100,0
20.05.2025 03:00;100,0
20.05.2025 03:15;100,0
20.05.2025 03:30;100,0
20.05.2025 03:45;100,0
20.05.2025 04:00;100,0
20.05.2025 04:15;100,0
20.05.2025 04:30;100,0
20.05.2025 04:45;100,0
20.05.2025 05:00;100,0
20.05.2025 05:15;100,0
20.05.2025 05:30;100,0
20.05.2025 05:45;100,0
20.05.2025 06:00;100,0
20.05.2025 06:15;100,0
20.05.2025 06:30;100,0
20.05.2025 06:45;100,0
20.05.2025 07:00;100,0
20.05.2025 07:15;100,0
20.05.2025 07:30;100,0
20.05.2025 07:45;100,0
20.05.2025 08:00;100,0
20.05.2025 08:15;100,0
20.05.2025 08:30;100,0
20.05.2025 08:45;100,0
20.05.2025 09:00;100,0
20.05.2025 09:15;100,0
20.05.2025 09:30;100,0
20.05.2025 09:45;100,0
20.05.2025 10:00;100,0
20.05.2025 10:15;100,0
20.05.2025 10:30;100,0
20.05.2025 10:45;100,0
20.05.2025 11:00;100,0
20.05.2025 11:15;100,0
20.05.2025 11:30;100,0
20.05.2025 11:45;100,0
20.05.2025 12:00;100,0
20.05.2025 12:15;100,0
20.05.2025 12:30;100,0
20.05.2025 12:45;100,0
20.05.2025 13:00;100,0
20.05.2025 13:15;100,0
20.05.2025 13:30;100,0
20.05.2025 13:45;100,0
20.05.2025 14:00;100,0
20.05.2025 14:15;100,0
20.05.2025 14:30;100,0
20.05.2025 14:45;100,0
20.05.2025 15:00;100,0
20.05.2025 15:15;100,0
20.05.2025 15:30;100,0
20.05.2025 15:45;100,0
20.05.2025 16:00;100,0
20.05.2025 16:15;100,0
20.05.2025 16:30;100,0
20.05.2025 16:45;100,0
20.05.2025 17:00;100,0
20.05.2025 17:15;100,0
20.05.2025 17:30;100,0
20.05.2025 17:45;100,0
20.05.2025 18:00;100,0
20.05.2025 18:15;100,0
20.05.2025 18:30;100,0
20.05.2025 18:45;100,0
20.05.2025 19:00;100,0
20.05.2025 19:15;100,0
20.05.2025 19:30;100,0
20.05.2025 19:45;100,0
20.05.2025 20:00;100,0
20.05.2025 20:15;100,0
20.05.2025 20:30;100,0
20.05.2025 20:45;100,0
20.05.2025 21:00;100,0
20.05.2025 21:15;100,0
20.05.2025 21:30;100,0
20.05.2025 21:45;100,0
20.05.2025 22:00;100,0
20.05.2025 22:15;100,0
20.05.2025 22:30;100,0
20.05.2025 22:45;100,0
20.05.2025 23:00;100,0
20.05.2025 23:15;100,0
20.05.2025 23:30;100,0
20.05.2025 23:45;100,0
21.05.2025 00:00;100,0
21.05.2025 00:15;100,0
21.05.2025 00:30;100,0
21.05.2025 00:45;100,0
21.05.2025 01:00;100,0
21.05.2025 01:15;100,0
21.05.2025 01:30;100,0
21.05.2025 01:45;100,0
21.05.2025 02:00;100,0
21.05.2025 02:15;100,0
21.05.2025 02:30;100,0
21.05.2025 02:45;100,0
21.05.2025 03:00;100,0
21.05.2025 03:15;100,0
21.05.2025 03:30;100,0
21.05.2025 03:45;100,0
21.05.2025 04:00;100,0
21.05.2025 04:15;100,0
21.05.2025 04:30;100,0
21.05.2025 04:45;100,0
21.05.2025 05:00;100,0
21.05.2025 05:15;100,0
21.05.2025 05:30;100,0
21.05.2025 05:45;100,0
21.05.2025 06:00;100,0
21.05.2025 06:15;100,0
21.05.2025 06:30;100,0
21.05.2025 06:45;100,0
21.05.2025 07:00;100,0
21.05.2025 07:15;100,0
21.05.2025 07:30;100,0
21.05.2025 07:45;100,0
21.05.2025 08:00;100,0
21.05.2025 08:15;100,0
21.05.2025 08:30;100,0
21.05.2025 08:45;100,0
21.05.2025 09:00;100,0
21.05.2025 09:15;100,0
21.05.2025 09:30;100,0
21.05.2025 09:45;100,0
21.05.2025 10:00;100,0
21.05.2025 10:15;100,0
21.05.2025 10:30;100,0
21.05.2025 10:45;100,0
21.05.2025 11:00;100,0
21.05.2025 11:15;100,0
21.05.2025 11:30;100,0
21.05.2025 11:45;100,0
21.05.2025 12:00;100,0
21.05.2025 12:15;100,0
21.05.2025 12:30;100,0
21.05.2025 12:45;100,0
21.05.2025 13:00;100,0
21.05.2025 13:15;100,0
21.05.2025 13:30;100,0
21.05.2025 13:45;100,0
21.05.2025 14:00;100,0
21.05.2025 14:15;100,0
21.05.2025 14:30;100,0
21.05.2025 14:45;100,0
21.05.2025 15:00;100,0
21.05.2025 15:15;100,0
21.05.2025 15:30;100,0
21.05.2025 15:45;100,0
21.05.2025 16:00;100,0
21.05.2025 16:15;100,0
21.05.2025 16:30;100,0
21.05.2025 16:45;100,0
21.05.2025 17:00;100,0
21.05.2025 17:15;100,0
21.05.2025 17:30;100,0
21.05.2025 17:45;100,0
21.05.2025 18:00;100,0
21.05.2025 18:15;100,0
21.05.2025 18:30;100,0
21.05.2025 18:45;100,0
21.05.2025 19:00;100,0
21.05.2025 19:15;100,0
21.05.2025 19:30;100,0
21.05.2025 19:45;100,0
21.05.2025 20:00;100,0
21.05.2025 20:15;100,0
21.05.2025 20:30;100,0
21.05.2025 20:45;100,0
21.05.2025 21:00;100,0
21.05.2025 21:15;100,0
21.05.2025 21:30;100,0
21.05.2025 21:45;100,0
21.05.2025 22:00;100,0
21.05.2025 22:15;100,0
21.05.2025 22:30;100,0
21.05.2025 22:45;100,0
21.05.2025 23:00;100,0
21.05.2025 23:15;100,0
21.05.2025 23:30;100,0
21.05.2025 23:45;100,0
22.05.2025 00:00;100,0
22.05.2025 00:15;100,0
22.05.2025 00:30;100,0
22.05.2025 00:45;100,0
22.05.2025 01:00;100,0
22.05.2025 01:15;100,0
22.05.2025 01:30;100,0
22.05.2025 01:45;100,0
22.05.2025 02:00;100,0
22.05.2025 02:15;100,0
22.05.2025 02:30;100,0
22.05.2025 02:45;100,0
22.05.2025 03:00;100,0
22.05.2025 03:15;100,0
22.05.2025 03:30;100,0
22.05.2025 03:45;100,0
22.05.2025 04:00;100,0
22.05.2025 04:15;100,0
22.05.2025 04:30;100,0
22.05.2025 04:45;100,0
22.05.2025 05:00;100,0
22.05.2025 05:15;100,0
22.05.2025 05:30;100,0
22.05.2025 05:45;100,0
22.05.2025 06:00;100,0
22.05.2025 06:15;100,0
22.05.2025 06:30;100,0
22.05.2025 06:45;100,0
22.05.2025 07:00;100,0
22.05.2025 07:15;100,0
22.05.2025 07:30;100,0
22.05.2025 07:45;100,0
22.05.2025 08:00;100,0
22.05.2025 08:15;100,0
22.05.2025 08:30;100,0
22.05.2025 08:45;100,0
22.05.2025 09:00;100,0
22.05.2025 09:15;100,0
22.05.2025 09:30;100,0
22.05.2025 09:45;100,0
22.05.2025 10:00;100,0
22.05.2025 10:15;100,0
22.05.2025 10:30;100,0
22.05.2025 10:45;100,0
22.05.2025 11:00;100,0
22.05.2025 11:15;100,0
22.05.2025 11:30;100,0
22.05.2025 11:45;100,0
22.05.2025 12:00;100,0
22.05.2025 12:15;100,0
22.05.2025 12:30;100,0
22.05.2025 12:45;100,0
22.05.2025 13:00;100,0
22.05.2025 13:15;100,0
22.05.2025 13:30;100,0
22.05.2025 13:45;100,0
22.05.2025 14:00;100,0
22.05.2025 14:15;100,0
22.05.2025 14:30;100,0
22.05.2025 14:45;100,0
22.05.2025 15:00;100,0
22.05.2025 15:15;100,0
22.05.2025 15:30;100,0
22.05.2025 15:45;100,0
22.05.2025 16:00;100,0
22.05.2025 16:15;100,0
22.05.2025 16:30;100,0
22.05.2025 16:45;100,0
22.05.2025 17:00;100,0
22.05.2025 17:15;100,0
22.05.2025 17:30;100,0
22.05.2025 17:45;100,0
22.05.2025 18:00;100,0
22.05.2025 18:15;100,0
22.05.2025 18:30;100,0
22.05.2025 18:45;100,0
22.05.2025 19:00;100,0
22.05.2025 19:15;100,0
22.05.2025 19:30;100,0
22.05.2025 19:45;100,0
22.05.2025 20:00;100,0
22.05.2025 20:15;100,0
22.05.2025 20:30;100,0
22.05.2025 20:45;100,0
22.05.2025 21:00;100,0
22.05.2025 21:15;100,0
22.05.2025 21:30;100,0
22.05.2025 21:45;100,0
22.05.2025 22:00;100,0
22.05.2025 22:15;100,0
22.05.2025 22:30;100,0
22.05.2025 22:45;100,0
22.05.2025 23:00;100,0
22.05.2025 23:15;100,0
22.05.2025 23:30;100,0
22.05.2025 23:45;100,0
23.05.2025 00:00;100,0
23.05.2025 00:15;100,0
23.05.2025 00:30;100,0
23.05.2025 00:45;100,0
23.05.2025 01:00;100,0
23.05.2025 01:15;100,0
23.05.2025 01:30;100,0
23.05.2025 01:45;100,0
23.05.2025 02:00;100,0
23.05.2025 02:15;100,0
23.05.2025 02:30;100,0
23.05.2025 02:45;100,0
23.05.2025 03:00;100,0
23.05.2025 03:15;100,0
23.05.2025 03:30;100,0
23.05.2025 03:45;100,0
23.05.2025 04:00;100,0
23.05.2025 04:15;100,0
23.05.2025 04:30;100,0
23.05.2025 04:45;100,0
23.05.2025 05:00;100,0
23.05.2025 05:15;100,0
23.05.2025 05:30;100,0
23.05.2025 05:45;100,0
23.05.2025 06:00;100,0
23.05.2025 06:15;100,0
23.05.2025 06:30;100,0
23.05.2025 06:45;100,0
23.05.2025 07:00;100,0
23.05.2025 07:15;100,0
23.05.2025 07:30;100,0
23.05.2025 07:45;100,0
23.05.2025 08:00;100,0
23.05.2025 08:15;100,0
23.05.2025 08:30;100,0
23.05.2025 08:45;100,0
23.05.2025 09:00;100,0
23.05.2025 09:15;100,0
23.05.2025 09:30;100,0
23.05.2025 09:45;100,0
23.05.2025 10:00;100,0
23.05.2025 10:15;100,0
23.05.2025 10:30;100,0
23.05.2025 10:45;100,0
23.05.2025 11:00;100,0
23.05.2025 11:15;100,0
23.05.2025 11:30;100,0
23.05.2025 11:45;100,0
23.05.2025 12:00;100,0
23.05.2025 12:15;100,0
23.05.2025 12:30;100,0
23.05.2025 12:45;100,0
23.05.2025 13:00;100,0
23.05.2025 13:15;100,0
23.05.2025 13:30;100,0
23.05.2025 13:45;100,0
23.05.2025 14:00;100,0
23.05.2025 14:15;100,0
23.05.2025 14:30;100,0
23.05.2025 14:45;100,0
23.05.2025 15:00;100,0
23.05.2025 15:15;100,0
23.05.2025 15:30;100,0
23.05.2025 15:45;100,0
23.05.2025 16:00;100,0
23.05.2025 16:15;100,0
23.05.2025 16:30;100,0
23.05.2025 16:45;100,0
23.05.2025 17:00;100,0
23.05.2025 17:15;100,0
23.05.2025 17:30;100,0
23.05.2025 17:45;100,0
23.05.2025 18:00;100,0
23.05.2025 18:15;100,0
23.05.2025 18:30;100,0
23.05.2025 18:45;100,0
23.05.2025 19:00;100,0
23.05.2025 19:15;100,0
23.05.2025 19:30;100,0
23.05.2025 19:45;100,0
23.05.2025 20:00;100,0
23.05.2025 20:15;100,0
23.05.2025 20:30;100,0
23.05.2025 20:45;100,0
23.05.2025 21:00;100,0
23.05.2025 21:15;100,0
23.05.2025 21:30;100,0
23.05.2025 21:45;100,0
23.05.2025 22:00;100,0
23.05.2025 22:15;100,0
23.05.2025 22:30;100,0
23.05.2025 22:45;100,0
23.05.2025 23:00;100,0
23.05.2025 23:15;100,0
23.05.2025 23:30;100,0
23.05.2025 23:45;100,0
24.05.2025 00:00;100,0
24.05.2025 00:15;100,0
24.05.2025 00:30;100,0
24.05.2025 00:45;100,0
24.05.2025 01:00;100,0
24.05.2025 01:15;100,0
24.05.2025 01:30;100,0
24.05.2025 01:45;100,0
24.05.2025 02:00;100,0
24.05.2025 02:15;100,0
24.05.2025 02:30;100,0
24.05.2025 02:45;100,0
24.05.2025 03:00;100,0
24.05.2025 03:15;100,0
24.05.2025 03:30;100,0
24.05.2025 03:45;100,0
24.05.2025 04:00;100,0
24.05.2025 04:15;100,0
24.05.2025 04:30;100,0
24.05.2025 04:45;100,0
24.05.2025 05:00;100,0
24.05.2025 05:15;100,0
24.05.2025 05:30;100,0
24.05.2025 05:45;100,0
24.05.2025 06:00;100,0
24.05.2025 06:15;100,0
24.05.2025 06:30;100,0
24.05.2025 06:45;100,0
24.05.2025 07:00;100,0
24.05.2025 07:15;100,0
24.05.2025 07:30;100,0
24.05.2025 07:45;100,0
24.05.2025 08:00;100,0
24.05.2025 08:15;100,0
24.05.2025 08:30;100,0
24.05.2025 08:45;100,0
24.05.2025 09:00;100,0
24.05.2025 09:15;100,0
24.05.2025 09:30;100,0
24.05.2025 09:45;100,0
24.05.2025 10:00;100,0
24.05.2025 10:15;100,0
24.05.2025 10:30;100,0
24.05.2025 10:45;100,0
24.05.2025 11:00;100,0
24.05.2025 11:15;100,0
24.05.2025 11:30;100,0
24.05.2025 11:45;100,0
24.05.2025 12:00;100,0
24.05.2025 12:15;100,0
24.05.2025 12:30;100,0
24.05.2025 12:45;100,0
24.05.2025 13:00;100,0
24.05.2025 13:15;100,0
24.05.2025 13:30;100,0
24.05.2025 13:45;100,0
24.05.2025 14:00;100,0
24.05.2025 14:15;100,0
24.05.2025 14:30;100,0
24.05.2025 14:45;100,0
24.05.2025 15:00;100,0
24.05.2025 15:15;100,0
24.05.2025 15:30;100,0
24.05.2025 15:45;100,0
24.05.2025 16:00;100,0
24.05.2025 16:15;100,0
24.05.2025 16:30;100,0
24.05.2025 16:45;100,0
24.05.2025 17:00;100,0
24.05.2025 17:15;100,0
24.05.2025 17:30;100,0
24.05.2025 17:45;100,0
24.05.2025 18:00;100,0
24.05.2025 18:15;100,0
24.05.2025 18:30;100,0
24.05.2025 18:45;100,0
24.05.2025 19:00;100,0
24.05.2025 19:15;100,0
24.05.2025 19:30;100,0
24.05.2025 19:45;100,0
24.05.2025 20:00;100,0
24.05.2025 20:15;100,0
24.05.2025 20:30;100,0
24.05.2025 20:45;100,0
24.05.2025 21:00;100,0
24.05.2025 21:15;100,0
24.05.2025 21:30;100,0
24.05.2025 21:45;100,0
24.05.2025 22:00;100,0
24.05.2025 22:15;100,0
24.05.2025 22:30;100,0
24.05.2025 22:45;100,0
24.05.2025 23:00;100,0
24.05.2025 23:15;100,0
24.05.2025 23:30;100,0
24.05.2025 23:45;100,0
25.05.2025 00:00;100,0
25.05.2025 00:15;100,0
25.05.2025 00:30;100,0
25.05.2025 00:45;100,0
25.05.2025 01:00;100,0
25.05.2025 01:15;100,0
25.05.2025 01:30;100,0
25.05.2025 01:45;100,0
25.05.2025 02:00;100,0
25.05.2025 02:15;100,0
25.05.2025 02:30;100,0
25.05.2025 02:45;100,0
25.05.2025 03:00;100,0
25.05.2025 03:15;100,0
25.05.2025 03:30;100,0
25.05.2025 03:45;100,0
25.05.2025 04:00;100,0
25.05.2025 04:15;100,0
25.05.2025 04:30;100,0
25.05.2025 04:45;100,0
25.05.2025 05:00;100,0
25.05.2025 05:15;100,0
25.05.2025 05:30;100,0
25.05.2025 05:45;100,0
25.05.2025 06:00;100,0
25.05.2025 06:15;100,0
25.05.2025 06:30;100,0
25.05.2025 06:45;100,0
25.05.2025 07:00;100,0
25.05.2025 07:15;100,0
25.05.2025 07:30;100,0
25.05.2025 07:45;100,0
25.05.2025 08:00;100,0
25.05.2025 08:15;100,0
25.05.2025 08:30;100,0
25.05.2025 08:45;100,0
25.05.2025 09:00;100,0
25.05.2025 09:15;100,0
25.05.2025 09:30;100,0
25.05.2025 09:45;100,0
25.05.2025 10:00;100,0
25.05.2025 10:15;100,0
25.05.2025 10:30;100,0
25.05.2025 10:45;100,0
25.05.2025 11:00;100,0
25.05.2025 11:15;100,0
25.05.2025 11:30;100,0
25.05.2025 11:45;100,0
25.05.2025 12:00;100,0
25.05.2025 12:15;100,0
25.05.2025 12:30;100,0
25.05.2025 12:45;100,0
25.05.2025 13:00;100,0
25.05.2025 13:15;100,0
25.05.2025 13:30;100,0
25.05.2025 13:45;100,0
25.05.2025 14:00;100,0
25.05.2025 14:15;100,0
25.05.2025 14:30;100,0
25.05.2025 14:45;100,0
25.05.2025 15:00;100,0
25.05.2025 15:15;100,0
25.05.2025 15:30;100,0
25.05.2025 15:45;100,0
25.05.2025 16:00;100,0
25.05.2025 16:15;100,0
25.05.2025 16:30;100,0
25.05.2025 16:45;100,0
25.05.2025 17:00;100,0
25.05.2025 17:15;100,0
25.05.2025 17:30;100,0
25.05.2025 17:45;100,0
25.05.2025 18:00;100,0
25.05.2025 18:15;100,0
25.05.2025 18:30;100,0
25.05.2025 18:45;100,0
25.05.2025 19:00;100,0
25.05.2025 19:15;100,0
25.05.2025 19:30;100,0
25.05.2025 19:45;100,0
25.05.2025 20:00;100,0
25.05.2025 20:15;100,0
25.05.2025 20:30;100,0
25.05.2025 20:45;100,0
25.05.2025 21:00;100,0
25.05.2025 21:15;100,0
25.05.2025 21:30;100,0
25.05.2025 21:45;100,0
25.05.2025 22:00;100,0
25.05.2025 22:15;100,0
25.05.2025 22:30;100,0
25.05.2025 22:45;100,0
25.05.2025 23:00;100,0
25.05.2025 23:15;100,0
25.05.2025 23:30;100,0
25.05.2025 23:45;100,0
26.05.2025 00:00;100,0
26.05.2025 00:15;100,0
26.05.2025 00:30;100,0
26.05.2025 00:45;100,0
26.05.2025 01:00;100,0
26.05.2025 01:15;100,0
26.05.2025 01:30;100,0
26.05.2025 01:45;100,0
26.05.2025 02:00;100,0
26.05.2025 02:15;100,0
26.05.2025 02:30;100,0
26.05.2025 02:45;100,0
26.05.2025 03:00;100,0
26.05.2025 03:15;100,0
26.05.2025 03:30;100,0
26.05.2025 03:45;100,0
26.05.2025 04:00;100,0
26.05.2025 04:15;100,0
26.05.2025 04:30;100,0
26.05.2025 04:45;100,0
26.05.2025 05:00;100,0
26.05.2025 05:15;100,0
26.05.2025 05:30;100,0
26.05.2025 05:45;100,0
26.05.2025 06:00;100,0
26.05.2025 06:15;100,0
26.05.2025 06:30;100,0
26.05.2025 06:45;100,0
26.05.2025 07:00;100,0
26.05.2025 07:15;100,0
26.05.2025 07:30;100,0
26.05.2025 07:45;100,0
26.05.2025 08:00;100,0
26.05.2025 08:15;100,0
26.05.2025 08:30;100,0
26.05.2025 08:45;100,0
26.05.2025 09:00;100,0
26.05.2025 09:15;100,0
26.05.2025 09:30;100,0
26.05.2025 09:45;100,0
26.05.2025 10:00;100,0
26.05.2025 10:15;100,0
26.05.2025 10:30;100,0
26.05.2025 10:45;100,0
26.05.2025 11:00;100,0
26.05.2025 11:15;100,0
26.05.2025 11:30;100,0
26.05.2025 11:45;100,0
26.05.2025 12:00;100,0
26.05.2025 12:15;100,0
26.05.2025 12:30;100,0
26.05.2025 12:45;100,0
26.05.2025 13:00;100,0
26.05.2025 13:15;100,0
26.05.2025 13:30;100,0
26.05.2025 13:45;100,0
26.05.2025 14:00;100,0
26.05.2025 14:15;100,0
26.05.2025 14:30;100,0
26.05.2025 14:45;100,0
26.05.2025 15:00;100,0
26.05.2025 15:15;100,0
26.05.2025 15:30;100,0
26.05.2025 15:45;100,0
26.05.2025 16:00;100,0
26.05.2025 16:15;100,0
26.05.2025 16:30;100,0
26.05.2025 16:45;100,0
26.05.2025 17:00;100,0
26.05.2025 17:15;100,0
26.05.2025 17:30;100,0
26.05.2025 17:45;100,0
26.05.2025 18:00;100,0
26.05.2025 18:15;100,0
26.05.2025 18:30;100,0
26.05.2025 18:45;100,0
26.05.2025 19:00;100,0
26.05.2025 19:15;100,0
26.05.2025 19:30;100,0
26.05.2025 19:45;100,0
26.05.2025 20:00;100,0
26.05.2025 20:15;100,0
26.05.2025 20:30;100,0
26.05.2025 20:45;100,0
26.05.2025 21:00;100,0
26.05.2025 21:15;100,0
26.05.2025 21:30;100,0
26.05.2025 21:45;100,0
26.05.2025 22:00;100,0
26.05.2025 22:15;100,0
26.05.2025 22:30;100,0
26.05.2025 22:45;100,0
26.05.2025 23:00;100,0
26.05.2025 23:15;100,0
26.05.2025 23:30;100,0
26.05.2025 23:45;100,0
27.05.2025 00:00;100,0
27.05.2025 00:15;100,0
27.05.2025 00:30;100,0
27.05.2025 00:45;100,0
27.05.2025 01:00;100,0
27.05.2025 01:15;100,0
27.05.2025 01:30;100,0
27.05.2025 01:45;100,0
27.05.2025 02:00;100,0
27.05.2025 02:15;100,0
27.05.2025 02:30;100,0
27.05.2025 02:45;100,0
27.05.2025 03:00;100,0
27.05.2025 03:15;100,0
27.05.2025 03:30;100,0
27.05.2025 03:45;100,0
27.05.2025 04:00;100,0
27.05.2025 04:15;100,0
27.05.2025 04:30;100,0
27.05.2025 04:45;100,0
27.05.2025 05:00;100,0
27.05.2025 05:15;100,0
27.05.2025 05:30;100,0
27.05.2025 05:45;100,0
27.05.2025 06:00;100,0
27.05.2025 06:15;100,0
27.05.2025 06:30;100,0
27.05.2025 06:45;100,0
27.05.2025 07:00;100,0
27.05.2025 07:15;100,0
27.05.2025 07:30;100,0
27.05.2025 07:45;100,0
27.05.2025 08:00;100,0
27.05.2025 08:15;100,0
27.05.2025 08:30;100,0
27.05.2025 08:45;100,0
27.05.2025 09:00;100,0
27.05.2025 09:15;100,0
27.05.2025 09:30;100,0
27.05.2025 09:45;100,0
27.05.2025 10:00;100,0
27.05.2025 10:15;100,0
27.05.2025 10:30;100,0
27.05.2025 10:45;100,0
27.05.2025 11:00;100,0
27.05.2025 11:15;100,0
27.05.2025 11:30;100,0
27.05.2025 11:45;100,0
27.05.2025 12:00;100,0
27.05.2025 12:15;100,0
27.05.2025 12:30;100,0
27.05.2025 12:45;100,0
27.05.2025 13:00;100,0
27.05.2025 13:15;100,0
27.05.2025 13:30;100,0
27.05.2025 13:45;100,0
27.05.2025 14:00;100,0
27.05.2025 14:15;100,0
27.05.2025 14:30;100,0
27.05.2025 14:45;100,0
27.05.2025 15:00;100,0
27.05.2025 15:15;100,0
27.05.2025 15:30;100,0
27.05.2025 15:45;100,0
27.05.2025 16:00;100,0
27.05.2025 16:15;100,0
27.05.2025 16:30;100,0
27.05.2025 16:45;100,0
27.05.2025 17:00;100,0
27.05.2025 17:15;100,0
27.05.2025 17:30;100,0
27.05.2025 17:45;100,0
27.05.2025 18:00;100,0
27.05.2025 18:15;100,0
27.05.2025 18:30;100,0
27.05.2025 18:45;100,0
27.05.2025 19:00;100,0
27.05.2025 19:15;100,0
27.05.2025 19:30;100,0
27.05.2025 19:45;100,0
27.05.2025 20:00;100,0
27.05.2025 20:15;100,0
27.05.2025 20:30;100,0
27.05.2025 20:45;100,0
27.05.2025 21:00;100,0
27.05.2025 21:15;100,0
27.05.2025 21:30;100,0
27.05.2025 21:45;100,0
27.05.2025 22:00;100,0
27.05.2025 22:15;100,0
27.05.2025 22:30;100,0
27.05.2025 22:45;100,0
27.05.2025 23:00;100,0
27.05.2025 23:15;100,0
27.05.2025 23:30;100,0
27.05.2025 23:45;100,0
28.05.2025 00:00;100,0
28.05.2025 00:15;100,0
28.05.2025 00:30;100,0
28.05.2025 00:45;100,0
28.05.2025 01:00;100,0
28.05.2025 01:15;100,0
28.05.2025 01:30;100,0
28.05.2025 01:45;100,0
28.05.2025 02:00;100,0
28.05.2025 02:15;100,0
28.05.2025 02:30;100,0
28.05.2025 02:45;100,0
28.05.2025 03:00;100,0
28.05.2025 03:15;100,0
28.05.2025 03:30;100,0
28.05.2025 03:45;100,0
28.05.2025 04:00;100,0
28.05.2025 04:15;100,0
28.05.2025 04:30;100,0
28.05.2025 04:45;100,0
28.05.2025 05:00;100,0
28.05.2025 05:15;100,0
28.05.2025 05:30;100,0
28.05.2025 05:45;100,0
28.05.2025 06:00;100,0
28.05.2025 06:15;100,0
28.05.2025 06:30;100,0
28.05.2025 06:45;100,0
28.05.2025 07:00;100,0
28.05.2025 07:15;100,0
28.05.2025 07:30;100,0
28.05.2025 07:45;100,0
28.05.2025 08:00;100,0
28.05.2025 08:15;100,0
28.05.2025 08:30;100,0
28.05.2025 08:45;100,0
28.05.2025 09:00;100,0
28.05.2025 09:15;100,0
28.05.2025 09:30;100,0
28.05.2025 09:45;100,0
28.05.2025 10:00;100,0
28.05.2025 10:15;100,0
28.05.2025 10:30;100,0
28.05.2025 10:45;100,0
28.05.2025 11:00;100,0
28.05.2025 11:15;100,0
28.05.2025 11:30;100,0
28.05.2025 11:45;100,0
28.05.2025 12:00;100,0
28.05.2025 12:15;100,0
28.05.2025 12:30;100,0
28.05.2025 12:45;100,0
28.05.2025 13:00;100,0
28.05.2025 13:15;100,0
28.05.2025 13:30;100,0
28.05.2025 13:45;100,0
28.05.2025 14:00;100,0
28.05.2025 14:15;100,0
28.05.2025 14:30;100,0
28.05.2025 14:45;100,0
28.05.2025 15:00;100,0
28.05.2025 15:15;100,0
28.05.2025 15:30;100,0
28.05.2025 15:45;100,0
28.05.2025 16:00;100,0
28.05.2025 16:15;100,0
28.05.2025 16:30;100,0
28.05.2025 16:45;100,0
28.05.2025 17:00;100,0
28.05.2025 17:15;100,0
28.05.2025 17:30;100,0
28.05.2025 17:45;100,0
28.05.2025 18:00;100,0
28.05.2025 18:15;100,0
28.05.2025 18:30;100,0
28.05.2025 18:45;100,0
28.05.2025 19:00;100,0
28.05.2025 19:15;100,0
28.05.2025 19:30;100,0
28.05.2025 19:45;100,0
28.05.2025 20:00;100,0
28.05.2025 20:15;100,0
28.05.2025 20:30;100,0
28.05.2025 20:45;100,0
28.05.2025 21:00;100,0
28.05.2025 21:15;100,0
28.05.2025 21:30;100,0
28.05.2025 21:45;100,0
28.05.2025 22:00;100,0
28.05.2025 22:15;100,0
28.05.2025 22:30;100,0
28.05.2025 22:45;100,0
28.05.2025 23:00;100,0
28.05.2025 23:15;100,0
28.05.2025 23:30;100,0
28.05.2025 23:45;100,0
29.05.2025 00:00;100,0
29.05.2025 00:15;100,0
29.05.2025 00:30;100,0
29.05.2025 00:45;100,0
29.05.2025 01:00;100,0
29.05.2025 01:15;100,0
29.05.2025 01:30;100,0
29.05.2025 01:45;100,0
29.05.2025 02:00;100,0
29.05.2025 02:15;100,0
29.05.2025 02:30;100,0
29.05.2025 02:45;100,0
29.05.2025 03:00;100,0
29.05.2025 03:15;100,0
29.05.2025 03:30;100,0
29.05.2025 03:45;100,0
29.05.2025 04:00;100,0
29.05.2025 04:15;100,0
29.05.2025 04:30;100,0
29.05.2025 04:45;100,0
29.05.2025 05:00;100,0
29.05.2025 05:15;100,0
29.05.2025 05:30;100,0
29.05.2025 05:45;100,0
29.05.2025 06:00;100,0
29.05.2025 06:15;100,0
29.05.2025 06:30;100,0
29.05.2025 06:45;100,0
29.05.2025 07:00;100,0
29.05.2025 07:15;100,0
29.05.2025 07:30;100,0
29.05.2025 07:45;100,0
29.05.2025 08:00;100,0
29.05.2025 08:15;100,0
29.05.2025 08:30;100,0
29.05.2025 08:45;100,0
29.05.2025 09:00;100,0
29.05.2025 09:15;100,0
29.05.2025 09:30;100,0
29.05.2025 09:45;100,0
29.05.2025 10:00;100,0
29.05.2025 10:15;100,0
29.05.2025 10:30;100,0
29.05.2025 10:45;100,0
29.05.2025 11:00;100,0
29.05.2025 11:15;100,0
29.05.2025 11:30;100,0
29.05.2025 11:45;100,0
29.05.2025 12:00;100,0
29.05.2025 12:15;100,0
29.05.2025 12:30;100,0
29.05.2025 12:45;100,0
29.05.2025 13:00;100,0
29.05.2025 13:15;100,0
29.05.2025 13:30;100,0
29.05.2025 13:45;100,0
29.05.2025 14:00;100,0
29.05.2025 14:15;100,0
29.05.2025 14:30;100,0
29.05.2025 14:45;100,0
29.05.2025 15:00;100,0
29.05.2025 15:15;100,0
29.05.2025 15:30;100,0
29.05.2025 15:45;100,0
29.05.2025 16:00;100,0
29.05.2025 16:15;100,0
29.05.2025 16:30;100,0
29.05.2025 16:45;100,0
29.05.2025 17:00;100,0
29.05.2025 17:15;100,0
29.05.2025 17:30;100,0
29.05.2025 17:45;100,0
29.05.2025 18:00;100,0
29.05.2025 18:15;100,0
29.05.2025 18:30;100,0
29.05.2025 18:45;100,0
29.05.2025 19:00;100,0
29.05.2025 19:15;100,0
29.05.2025 19:30;100,0
29.05.2025 19:45;100,0
29.05.2025 20:00;100,0
29.05.2025 20:15;100,0
29.05.2025 20:30;100,0
29.05.2025 20:45;100,0
29.05.2025 21:00;100,0
29.05.2025 21:15;100,0
29.05.2025 21:30;100,0
29.05.2025 21:45;100,0
29.05.2025 22:00;100,0
29.05.2025 22:15;100,0
29.05.2025 22:30;100,0
29.05.2025 22:45;100,0
29.05.2025 23:00;100,0
29.05.2025 23:15;100,0
29.05.2025 23:30;100,0
29.05.2025 23:45;100,0
30.05.2025 00:00;100,0
30.05.2025 00:15;100,0
30.05.2025 00:30;100,0
30.05.2025 00:45;100,0
30.05.2025 01:00;100,0
30.05.2025 01:15;100,0
30.05.2025 01:30;100,0
30.05.2025 01:45;100,0
30.05.2025 02:00;100,0
30.05.2025 02:15;100,0
30.05.2025 02:30;100,0
30.05.2025 02:45;100,0
30.05.2025 03:00;100,0
30.05.2025 03:15;100,0
30.05.2025 03:30;100,0
30.05.2025 03:45;100,0
30.05.2025 04:00;100,0
30.05.2025 04:15;100,0
30.05.2025 04:30;100,0
30.05.2025 04:45;100,0
30.05.2025 05:00;100,0
30.05.2025 05:15;100,0
30.05.2025 05:30;100,0
30.05.2025 05:45;100,0
30.05.2025 06:00;100,0
30.05.2025 06:15;100,0
30.05.2025 06:30;100,0
30.05.2025 06:45;100,0
30.05.2025 07:00;100,0
30.05.2025 07:15;100,0
30.05.2025 07:30;100,0
30.05.2025 07:45;100,0
30.05.2025 08:00;100,0
30.05.2025 08:15;100,0
30.05.2025 08:30;100,0
30.05.2025 08:45;100,0
30.05.2025 09:00;100,0
30.05.2025 09:15;100,0
30.05.2025 09:30;100,0
30.05.2025 09:45;100,0
30.05.2025 10:00;100,0
30.05.2025 10:15;100,0
30.05.2025 10:30;100,0
30.05.2025 10:45;100,0
30.05.2025 11:00;100,0
30.05.2025 11:15;100,0
30.05.2025 11:30;100,0
30.05.2025 11:45;100,0
30.05.2025 12:00;100,0
30.05.2025 12:15;100,0
30.05.2025 12:30;100,0
30.05.2025 12:45;100,0
30.05.2025 13:00;100,0
30.05.2025 13:15;100,0
30.05.2025 13:30;100,0
30.05.2025 13:45;100,0
30.05.2025 14:00;100,0
30.05.2025 14:15;100,0
30.05.2025 14:30;100,0
30.05.2025 14:45;100,0
30.05.2025 15:00;100,0
30.05.2025 15:15;100,0
30.05.2025 15:30;100,0
30.05.2025 15:45;100,0
30.05.2025 16:00;100,0
30.05.2025 16:15;100,0
30.05.2025 16:30;100,0
30.05.2025 16:45;100,0
30.05.2025 17:00;100,0
30.05.2025 17:15;100,0
30.05.2025 17:30;100,0
30.05.2025 17:45;100,0
30.05.2025 18:00;100,0
30.05.2025 18:15;100,0
30.05.2025 18:30;100,0
30.05.2025 18:45;100,0
30.05.2025 19:00;100,0
30.05.2025 19:15;100,0
30.05.2025 19:30;100,0
30.05.2025 19:45;100,0
30.05.2025 20:00;100,0
30.05.2025 20:15;100,0
30.05.2025 20:30;100,0
30.05.2025 20:45;100,0
30.05.2025 21:00;100,0
30.05.2025 21:15;100,0
30.05.2025 21:30;100,0
30.05.2025 21:45;100,0
30.05.2025 22:00;100,0
30.05.2025 22:15;100,0
30.05.2025 22:30;100,0
30.05.2025 22:45;100,0
30.05.2025 23:00;100,0
30.05.2025 23:15;100,0
30.05.2025 23:30;100,0
30.05.2025 23:45;100,0
31.05.2025 00:00;100,0
31.05.2025 00:15;100,0
31.05.2025 00:30;100,0
31.05.2025 00:45;100,0
31.05.2025 01:00;100,0
31.05.2025 01:15;100,0
31.05.2025 01:30;100,0
31.05.2025 01:45;100,0
31.05.2025 02:00;100,0
31.05.2025 02:15;100,0
31.05.2025 02:30;100,0
31.05.2025 02:45;100,0
31.05.2025 03:00;100,0
31.05.2025 03:15;100,0
31.05.2025 03:30;100,0
31.05.2025 03:45;100,0
31.05.2025 04:00;100,0
31.05.2025 04:15;100,0
31.05.2025 04:30;100,0
31.05.2025 04:45;100,0
31.05.2025 05:00;100,0
31.05.2025 05:15;100,0
31.05.2025 05:30;100,0
31.05.2025 05:45;100,0
31.05.2025 06:00;100,0
31.05.2025 06:15;100,0
31.05.2025 06:30;100,0
31.05.2025 06:45;100,0
31.05.2025 07:00;100,0
31.05.2025 07:15;100,0
31.05.2025 07:30;100,0
31.05.2025 07:45;100,0
31.05.2025 08:00;100,0
31.05.2025 08:15;100,0
31.05.2025 08:30;100,0
31.05.2025 08:45;100,0
31.05.2025 09:00;100,0
31.05.2025 09:15;100,0
31.05.2025 09:30;100,0
31.05.2025 09:45;100,0
31.05.2025 10:00;100,0
31.05.2025 10:15;100,0
31.05.2025 10:30;100,0
31.05.2025 10:45;100,0
31.05.2025 11:00;100,0
31.05.2025 11:15;100,0
31.05.2025 11:30;100,0
31.05.2025 11:45;100,0
31.05.2025 12:00;100,0
31.05.2025 12:15;100,0
31.05.2025 12:30;100,0
31.05.2025 12:45;100,0
31.05.2025 13:00;100,0
31.05.2025 13:15;100,0
31.05.2025 13:30;100,0
31.05.2025 13:45;100,0
31.05.2025 14:00;100,0
31.05.2025 14:15;100,0
31.05.2025 14:30;100,0
31.05.2025 14:45;100,0
31.05.2025 15:00;100,0
31.05.2025 15:15;100,0
31.05.2025 15:30;100,0
31.05.2025 15:45;100,0
31.05.2025 16:00;100,0
31.05.2025 16:15;100,0
31.05.2025 16:30;100,0
31.05.2025 16:45;100,0
31.05.2025 17:00;100,0
31.05.2025 17:15;100,0
31.05.2025 17:30;100,0
31.05.2025 17:45;100,0
31.05.2025 18:00;100,0
31.05.2025 18:15;100,0
31.05.2025 18:30;100,0
31.05.2025 18:45;100,0
31.05.2025 19:00;100,0
31.05.2025 19:15;100,0
31.05.2025 19:30;100,0
31.05.2025 19:45;100,0
31.05.2025 20:00;100,0
31.05.2025 20:15;100,0
31.05.2025 20:30;100,0
31.05.2025 20:45;100,0
31.05.2025 21:00;100,0
31.05.2025 21:15;100,0
31.05.2025 21:30;100,0
31.05.2025 21:45;100,0
31.05.2025 22:00;100,0
31.05.2025 22:15;100,0
31.05.2025 22:30;100,0
31.05.2025 22:45;100,0
31.05.2025 23:00;100,0
31.05.2025 23:15;100,0
31.05.2025 23:30;100,0
31.05.2025 23:45;100,0
